answer_id	question_id	construct_id	answer_title	explanatory_sentence	plain_language_observation	primary_signal	optional_bounded_secondary_signal	dependency_group	exclusions	evidence_provenance	mapping_confidence	scoring_status	limitation_statement
b1.gate.initiative.v1.advance	b1.gate.initiative.v1	C01	Set the pace	Commit resources to my plan and make the table respond.	Prefers proactive development on an open turn.	SIG_C01_PROACTIVE		DG_C01	Does not alone imply identity or stable posture across contexts; never stack with another C01 observation.	E-PLAYER-PACE;E-PLAYER-THREAT;E-CECOS;E-VOICE	LOW-PROVISIONAL	PILOT-HYPOTHESIS-NONSCORING	Initiative posture may vary across calm, behind, and disrupted contexts; every C01 response shares DG_C01 and cannot stack.
b1.gate.initiative.v1.balance	b1.gate.initiative.v1	C01	Advance with a safeguard	Develop my plan while keeping one practical answer.	Prefers mixed development with bounded response.	SIG_C01_BALANCED		DG_C01	Does not alone imply identity or stable posture across contexts; never stack with another C01 observation.	E-PLAYER-PACE;E-PLAYER-THREAT;E-CECOS;E-VOICE	LOW-PROVISIONAL	PILOT-HYPOTHESIS-NONSCORING	Initiative posture may vary across calm, behind, and disrupted contexts; every C01 response shares DG_C01 and cannot stack.
b1.gate.initiative.v1.respond	b1.gate.initiative.v1	C01	Keep options open	Wait, watch the turn develop, and answer the important move.	Prefers reactive optionality on an open turn.	SIG_C01_REACTIVE		DG_C01	Does not alone imply identity or stable posture across contexts; never stack with another C01 observation.	E-PLAYER-PACE;E-PLAYER-THREAT;E-CECOS;E-VOICE	LOW-PROVISIONAL	PILOT-HYPOTHESIS-NONSCORING	Initiative posture may vary across calm, behind, and disrupted contexts; every C01 response shares DG_C01 and cannot stack.
b1.gate.initiative.v1.unsure	b1.gate.initiative.v1	C01	I do not know yet	I have not played enough different decks to have a stable preference.	Reports insufficient experience for this construct.	SIG_C01_UNKNOWN		DG_C01	Must not create directional, midpoint, averaged, negative, or all-candidate identity evidence.	E-PLAYER-PACE;E-PLAYER-THREAT;E-CECOS;E-VOICE	DIRECT-UNCERTAINTY	NON-DIRECTIONAL-NONSCORING	Evidence-bearing but non-directional; may justify another Hall item or a close, mixed, contradictory, or insufficient result and must not be averaged into support.
b1.gate.visibility.v1.board	b1.gate.visibility.v1	C02	A board people can see	Creatures or other permanents are already doing useful work.	Prefers visible battlefield resources.	SIG_C02_VISIBLE		DG_C02	Does not alone imply an identity, motive, power, skill, experience, or budget.	E-PLAYER-THREAT;E-PLAYER-PACE;E-CECOS;E-VOICE	LOW-PROVISIONAL	PILOT-HYPOTHESIS-NONSCORING	Observation wording and identity association require player validation; no weight is authorized.
b1.gate.visibility.v1.held	b1.gate.visibility.v1	C02	Resources in reserve	Cards in hand and mana remain available until their use is clear.	Prefers held or less visible resources.	SIG_C02_HELD		DG_C02	Does not alone imply an identity, motive, power, skill, experience, or budget.	E-PLAYER-THREAT;E-PLAYER-PACE;E-CECOS;E-VOICE	LOW-PROVISIONAL	PILOT-HYPOTHESIS-NONSCORING	Observation wording and identity association require player validation; no weight is authorized.
b1.gate.visibility.v1.split	b1.gate.visibility.v1	C02	Some of each	A useful board is present with at least one option held back.	Prefers a mixed visible/held position.	SIG_C02_MIXED		DG_C02	Does not alone imply an identity, motive, power, skill, experience, or budget.	E-PLAYER-THREAT;E-PLAYER-PACE;E-CECOS;E-VOICE	LOW-PROVISIONAL	PILOT-HYPOTHESIS-NONSCORING	Observation wording and identity association require player validation; no weight is authorized.
b1.gate.visibility.v1.depends	b1.gate.visibility.v1	C02	That depends on the deck	My decks require such different positions that I cannot name one preference.	Reports genuine deck-conditionality.	SIG_C02_CONDITIONAL		DG_C02	Must not create directional, midpoint, averaged, negative, or all-candidate identity evidence.	E-PLAYER-THREAT;E-PLAYER-PACE;E-CECOS;E-VOICE	DIRECT-UNCERTAINTY	NON-DIRECTIONAL-NONSCORING	Evidence-bearing but non-directional; may justify another Hall item or a close, mixed, contradictory, or insufficient result and must not be averaged into support.
b1.gate.disruption.v1.protect	b1.gate.disruption.v1	C03	A way to keep the board	Protection or a response lets important pieces survive.	Prefers protection before broad disruption.	SIG_C03_PROTECT		DG_C03	Does not alone imply an identity, motive, power, skill, experience, or budget.	E-PLAYER-PACE;E-PLAYER-COMMANDER;E-CECOS;E-VOICE	LOW-PROVISIONAL	PILOT-HYPOTHESIS-NONSCORING	Observation wording and identity association require player validation; no weight is authorized.
b1.gate.disruption.v1.recover	b1.gate.disruption.v1	C03	A way to rebuild	The board can go if hand or graveyard resources restore it.	Prefers recovery after broad disruption.	SIG_C03_RECOVER		DG_C03	Does not alone imply an identity, motive, power, skill, experience, or budget.	E-PLAYER-PACE;E-PLAYER-COMMANDER;E-CECOS;E-VOICE	LOW-PROVISIONAL	PILOT-HYPOTHESIS-NONSCORING	Observation wording and identity association require player validation; no weight is authorized.
b1.gate.disruption.v1.limit	b1.gate.disruption.v1	C03	Less exposed in the first place	Commit fewer important pieces before the wipe.	Prefers reduced exposure to broad disruption.	SIG_C03_LIMIT_EXPOSURE		DG_C03	Does not alone imply an identity, motive, power, skill, experience, or budget.	E-PLAYER-PACE;E-PLAYER-COMMANDER;E-CECOS;E-VOICE	LOW-PROVISIONAL	PILOT-HYPOTHESIS-NONSCORING	Observation wording and identity association require player validation; no weight is authorized.
b1.gate.disruption.v1.depends	b1.gate.disruption.v1	C03	No usual answer	Preparation changes too much with the deck and known cards.	Reports scenario-conditionality.	SIG_C03_CONDITIONAL		DG_C03	Must not create directional, midpoint, averaged, negative, or all-candidate identity evidence.	E-PLAYER-PACE;E-PLAYER-COMMANDER;E-CECOS;E-VOICE	DIRECT-UNCERTAINTY	NON-DIRECTIONAL-NONSCORING	Evidence-bearing but non-directional; may justify another Hall item or a close, mixed, contradictory, or insufficient result and must not be averaged into support.
b1.gate.tempo.v1.small	b1.gate.tempo.v1	C04	A little every turn	Repeated small gains keep the deck moving.	Prefers incremental advantage.	SIG_C04_INCREMENTAL		DG_C04	Does not alone imply an identity, motive, power, skill, experience, or budget.	E-PLAYER-PACE;E-PLAYER-THREAT;E-CECOS;E-VOICE	LOW-PROVISIONAL	PILOT-HYPOTHESIS-NONSCORING	Observation wording and identity association require player validation; no weight is authorized.
b1.gate.tempo.v1.burst	b1.gate.tempo.v1	C04	One turn that changes the game	Prepare for a concentrated payoff.	Prefers a concentrated payoff turn.	SIG_C04_CONCENTRATED		DG_C04	Does not alone imply an identity, motive, power, skill, experience, or budget.	E-PLAYER-PACE;E-PLAYER-THREAT;E-CECOS;E-VOICE	LOW-PROVISIONAL	PILOT-HYPOTHESIS-NONSCORING	Observation wording and identity association require player validation; no weight is authorized.
b1.gate.tempo.v1.waves	b1.gate.tempo.v1	C04	Several distinct surges	Build, spend momentum, and build again.	Prefers cyclical advantage.	SIG_C04_CYCLICAL		DG_C04	Does not alone imply an identity, motive, power, skill, experience, or budget.	E-PLAYER-PACE;E-PLAYER-THREAT;E-CECOS;E-VOICE	LOW-PROVISIONAL	PILOT-HYPOTHESIS-NONSCORING	Observation wording and identity association require player validation; no weight is authorized.
b1.gate.tempo.v1.depends	b1.gate.tempo.v1	C04	No stable preference	Different decks make different rhythms enjoyable.	Reports no stable payoff-rhythm preference.	SIG_C04_CONDITIONAL		DG_C04	Must not create directional, midpoint, averaged, negative, or all-candidate identity evidence.	E-PLAYER-PACE;E-PLAYER-THREAT;E-CECOS;E-VOICE	DIRECT-UNCERTAINTY	NON-DIRECTIONAL-NONSCORING	Evidence-bearing but non-directional; may justify another Hall item or a close, mixed, contradictory, or insufficient result and must not be averaged into support.
b1.hall.commander-role.v1.function	b1.hall.commander-role.v1	C05	Run the main plan	The deck should execute its plan without the commander.	Prefers a resilient 99.	SIG_C05_RESILIENT_99		DG_C05	Does not alone imply an identity, motive, power, skill, experience, or budget.	E-PLAYER-COMMANDER;E-CECOS;E-VOICE	LOW-PROVISIONAL	PILOT-HYPOTHESIS-NONSCORING	Observation wording and identity association require player validation; no weight is authorized.
b1.hall.commander-role.v1.partial	b1.hall.commander-role.v1	C05	Keep playing, less efficiently	The commander improves the plan but its loss does not stop meaningful turns.	Prefers commander relevance without binary dependence.	SIG_C05_ROLE_PLAYER		DG_C05	Does not alone imply an identity, motive, power, skill, experience, or budget.	E-PLAYER-COMMANDER;E-CECOS;E-VOICE	LOW-PROVISIONAL	PILOT-HYPOTHESIS-NONSCORING	Observation wording and identity association require player validation; no weight is authorized.
b1.hall.commander-role.v1.center	b1.hall.commander-role.v1	C05	Protect and recast the centerpiece	The deck may change sharply when the commander is unavailable.	Accepts high commander dependence.	SIG_C05_CENTERPIECE		DG_C05	Does not alone imply an identity, motive, power, skill, experience, or budget.	E-PLAYER-COMMANDER;E-CECOS;E-VOICE	LOW-PROVISIONAL	PILOT-HYPOTHESIS-NONSCORING	Observation wording and identity association require player validation; no weight is authorized.
b1.hall.engine-shape.v1.replace	b1.hall.engine-shape.v1	C06	Make each job replaceable	Add several cards that can perform the same job.	Prefers replaceable functional redundancy.	SIG_C06_REDUNDANT		DG_C06	Redundancy, machinery, or artifacts do not establish Colorless or Yore.	E-VM555;E-CERTIFIED;E-CECOS;E-PLAYER-LANGUAGE	LOW-PROVISIONAL	ENGINE-MAPPING-HYPOTHESIS	Consistency can be a generic deckbuilding goal rather than identity evidence.
b1.hall.engine-shape.v1.overlap	b1.hall.engine-shape.v1	C06	Let smaller engines overlap	Use several smaller engines that overlap.	Prefers modular engines whose functions overlap.	SIG_C06_MODULAR		DG_C06	Modularity does not establish Simic, Izzet, Golgari, Witherbloom, or combo.	E-VM555;E-CERTIFIED;E-CECOS;E-PLAYER-LANGUAGE	LOW-PROVISIONAL	ENGINE-MAPPING-HYPOTHESIS	Overlapping packages may be required by singleton deck construction.
b1.hall.engine-shape.v1.central	b1.hall.engine-shape.v1	C06	Rebuild the center	Rebuild the same central engine and protect it better.	Accepts one designed central dependency after revision.	SIG_C06_CENTRAL		DG_C06	Centrality does not establish Blue, Esper, Quandrix, optimization, or skill.	E-VM555;E-CERTIFIED;E-CECOS;E-PLAYER-LANGUAGE	LOW-PROVISIONAL	ENGINE-MAPPING-HYPOTHESIS	Some decks have a central engine because of card availability or commander design.
b1.hall.pressure.v1.combat	b1.hall.pressure.v1	C07	Use the bodies already there	Attack with the bodies and opening already present.	Prefers immediate embodied combat pressure from the current board.	SIG_C07_EMBODIED_COMBAT		DG_C07	Combat alone does not establish Red, Gruul, Jund, aggression, or experience level.	E-VM555;E-CERTIFIED;E-CECOS;E-PLAYER-LANGUAGE	LOW-PROVISIONAL	ENGINE-MAPPING-HYPOTHESIS	Many decks attack when shields are down; independent motive and context remain necessary.
b1.hall.pressure.v1.resources	b1.hall.pressure.v1	C07	Narrow their options first	Narrow the opponents' remaining options first.	Prefers resource-control pressure before attempting to end the game.	SIG_C07_RESOURCE_CONTROL		DG_C07	Resource control does not establish Blue, Azorius, Orzhov, or a control archetype.	E-VM555;E-CERTIFIED;E-CECOS;E-PLAYER-LANGUAGE	LOW-PROVISIONAL	ENGINE-MAPPING-HYPOTHESIS	Removing options can be a tactical prerequisite in any deck.
b1.hall.pressure.v1.engine	b1.hall.pressure.v1	C07	Finish without combat	Finish through a noncombat engine.	Prefers engine-based ending pressure instead of combat pressure.	SIG_C07_NONCOMBAT_ENGINE		DG_C07	A noncombat engine does not establish Izzet, Blue, Colorless, artifacts, or combo.	E-VM555;E-CERTIFIED;E-CECOS;E-PLAYER-LANGUAGE	LOW-PROVISIONAL	ENGINE-MAPPING-HYPOTHESIS	Many identities can use engines; the observation describes pressure channel only.
b1.hall.mana-window.v1.own	b1.hall.mana-window.v1	C08	Develop on my turn	Use the mana now to improve my battlefield or advance my main plan.	Prefers own-turn commitment.	SIG_C08_OWN_TURN		DG_C08	Does not alone imply an identity, motive, power, skill, experience, or budget.	E-PLAYER-PACE;E-PLAYER-THREAT;E-CECOS;E-VOICE	LOW-PROVISIONAL	PILOT-HYPOTHESIS-NONSCORING	Observation wording and identity association require player validation; no weight is authorized.
b1.hall.mana-window.v1.others	b1.hall.mana-window.v1	C08	Hold mana for opponents' turns	Keep options available until the important action appears.	Prefers opponent-turn windows.	SIG_C08_OPPONENT_TURN		DG_C08	Does not alone imply an identity, motive, power, skill, experience, or budget.	E-PLAYER-PACE;E-PLAYER-THREAT;E-CECOS;E-VOICE	LOW-PROVISIONAL	PILOT-HYPOTHESIS-NONSCORING	Observation wording and identity association require player validation; no weight is authorized.
b1.hall.mana-window.v1.split	b1.hall.mana-window.v1	C08	Use some and keep some	Take a smaller development step with one answer available.	Prefers split commitment.	SIG_C08_SPLIT		DG_C08	Does not alone imply an identity, motive, power, skill, experience, or budget.	E-PLAYER-PACE;E-PLAYER-THREAT;E-CECOS;E-VOICE	LOW-PROVISIONAL	PILOT-HYPOTHESIS-NONSCORING	Observation wording and identity association require player validation; no weight is authorized.
b1.hall.repeatability.v1.same	b1.hall.repeatability.v1	C09	The central plan appears often	Several cards can help the deck reach its intended plan consistently.	Prefers consistent access to a plan.	SIG_C09_CONSISTENT		DG_C09	Does not alone imply an identity, motive, power, skill, experience, or budget.	E-PLAYER-VARIANCE;E-PLAYER-PACE;E-CECOS;E-VOICE	LOW-PROVISIONAL	PILOT-HYPOTHESIS-NONSCORING	Observation wording and identity association require player validation; no weight is authorized.
b1.hall.repeatability.v1.varied	b1.hall.repeatability.v1	C09	The route changes each game	See the central plan less often in exchange for different games.	Prefers variance and novelty.	SIG_C09_VARIANT		DG_C09	Does not alone imply an identity, motive, power, skill, experience, or budget.	E-PLAYER-VARIANCE;E-PLAYER-PACE;E-CECOS;E-VOICE	LOW-PROVISIONAL	PILOT-HYPOTHESIS-NONSCORING	Observation wording and identity association require player validation; no weight is authorized.
b1.hall.repeatability.v1.toolbox	b1.hall.repeatability.v1	C09	The plan stays, the tool changes	Keep a dependable goal with different answers and subplans.	Prefers stable purpose with variable execution.	SIG_C09_TOOLBOX		DG_C09	Does not alone imply an identity, motive, power, skill, experience, or budget.	E-PLAYER-VARIANCE;E-PLAYER-PACE;E-CECOS;E-VOICE	LOW-PROVISIONAL	PILOT-HYPOTHESIS-NONSCORING	Observation wording and identity association require player validation; no weight is authorized.
b1.hall.theme.v1.theme	b1.hall.theme.v1	C10	Keep the on-theme card	Expressing the deck's idea is part of the desired result.	Prefers thematic coherence over marginal reliability.	SIG_C10_THEME_FIRST		DG_C10	Theme preference cannot name or exclude an identity, replace deck behavior, determine routing or stopping, or break a tie.	E-PLAYER-THEME;E-PLAYER-COMMANDER;E-PLAYER-PACE;E-CECOS;E-VOICE	LOW-PROVISIONAL	PILOT-HYPOTHESIS-NONSCORING	Theme is an explanatory deckbuilding layer only; the observation cannot name or exclude an identity.
b1.hall.theme.v1.reliable	b1.hall.theme.v1	C10	Keep the reliable card	The slot should perform its job consistently.	Prefers role reliability over theme.	SIG_C10_EFFICIENCY_FIRST		DG_C10	Theme preference cannot name or exclude an identity, replace deck behavior, determine routing or stopping, or break a tie.	E-PLAYER-THEME;E-PLAYER-COMMANDER;E-PLAYER-PACE;E-CECOS;E-VOICE	LOW-PROVISIONAL	PILOT-HYPOTHESIS-NONSCORING	Theme is an explanatory deckbuilding layer only; the observation cannot name or exclude an identity.
b1.hall.theme.v1.gap	b1.hall.theme.v1	C10	It depends on the gap	Keep the theme until the cost becomes noticeable in games.	Uses a conditional theme-efficiency threshold.	SIG_C10_CONDITIONAL		DG_C10	Must not create directional, midpoint, averaged, negative, or all-candidate identity evidence.	E-PLAYER-THEME;E-PLAYER-COMMANDER;E-PLAYER-PACE;E-CECOS;E-VOICE	DIRECT-UNCERTAINTY	NON-DIRECTIONAL-NONSCORING	Evidence-bearing but non-directional; may justify another Hall item or a close, mixed, contradictory, or insufficient result and must not be averaged into support.
b1.hall.threat.v1.embrace	b1.hall.threat.v1	C11	Make them answer it	Present a strong board and test whether the table can stop it.	Accepts visible threat status.	SIG_C11_EMBRACE		DG_C11	Does not alone imply an identity, motive, power, skill, experience, or budget.	E-PLAYER-THREAT;E-PLAYER-COMMANDER;E-CECOS;E-VOICE	LOW-PROVISIONAL	PILOT-HYPOTHESIS-NONSCORING	Observation wording and identity association require player validation; no weight is authorized.
b1.hall.threat.v1.avoid	b1.hall.threat.v1	C11	Stay useful without leading	Make progress without becoming the first target.	Prefers lower visible threat.	SIG_C11_AVOID		DG_C11	Does not alone imply an identity, motive, power, skill, experience, or budget.	E-PLAYER-THREAT;E-PLAYER-COMMANDER;E-CECOS;E-VOICE	LOW-PROVISIONAL	PILOT-HYPOTHESIS-NONSCORING	Observation wording and identity association require player validation; no weight is authorized.
b1.hall.threat.v1.pivot	b1.hall.threat.v1	C11	Change posture as attention shifts	Pressure when safe and pull back when the table turns.	Prefers adaptive threat posture.	SIG_C11_ADAPTIVE		DG_C11	Does not alone imply an identity, motive, power, skill, experience, or budget.	E-PLAYER-THREAT;E-PLAYER-COMMANDER;E-CECOS;E-VOICE	LOW-PROVISIONAL	PILOT-HYPOTHESIS-NONSCORING	Observation wording and identity association require player validation; no weight is authorized.
b1.hall.sacrifice.v1.convert	b1.hall.sacrifice.v1	C12	Spend it for the next advantage	Turn a current piece into a different resource.	Prefers voluntary resource conversion.	SIG_C12_CONVERT		DG_C12	Does not alone imply an identity, motive, power, skill, experience, or budget.	E-PLAYER-PACE;E-PLAYER-THREAT;E-CECOS;E-VOICE	LOW-PROVISIONAL	PILOT-HYPOTHESIS-NONSCORING	Observation wording and identity association require player validation; no weight is authorized.
b1.hall.sacrifice.v1.preserve	b1.hall.sacrifice.v1	C12	Keep the useful piece	Retain board presence unless the exchange is necessary.	Prefers resource preservation.	SIG_C12_PRESERVE		DG_C12	Does not alone imply an identity, motive, power, skill, experience, or budget.	E-PLAYER-PACE;E-PLAYER-THREAT;E-CECOS;E-VOICE	LOW-PROVISIONAL	PILOT-HYPOTHESIS-NONSCORING	Observation wording and identity association require player validation; no weight is authorized.
b1.hall.sacrifice.v1.renew	b1.hall.sacrifice.v1	C12	Spend it only if it returns	Make the exchange when the resource can be reused.	Prefers recyclable conversion.	SIG_C12_RECYCLE		DG_C12	Does not alone imply an identity, motive, power, skill, experience, or budget.	E-PLAYER-PACE;E-PLAYER-THREAT;E-CECOS;E-VOICE	LOW-PROVISIONAL	PILOT-HYPOTHESIS-NONSCORING	Observation wording and identity association require player validation; no weight is authorized.
b1.hall.commitment.v1.terms	b1.hall.commitment.v1	C13	Keep the promise	Keep the terms because the promise still binds.	Prefers durable obligation despite a changed immediate advantage.	SIG_C13_DURABLE		DG_C13	Keeping a deal does not establish Orzhov, Abzan, or moral character.	E-VM555;E-CERTIFIED;E-CECOS;E-PLAYER-LANGUAGE	LOW-PROVISIONAL	ENGINE-MAPPING-HYPOTHESIS	Deal-keeping can reflect reputation management or table norms rather than durable-obligation preference.
b1.hall.commitment.v1.reopen	b1.hall.commitment.v1	C13	Reopen the agreement	Reopen the agreement because the facts changed.	Prefers revisable present influence over a binding future commitment.	SIG_C13_REVISABLE		DG_C13	Revisability alone does not establish Silverquill, political skill, or selfishness.	E-VM555;E-CERTIFIED;E-CECOS;E-PLAYER-LANGUAGE	LOW-PROVISIONAL	ENGINE-MAPPING-HYPOTHESIS	Players may reopen a deal because it became impossible, not because they prefer revisable influence.
b1.hall.commitment.v1.short	b1.hall.commitment.v1	C13	Keep only this opening	Keep only the coordinated action needed for this opening.	Prefers bounded coordination tied to the present opening.	SIG_C13_BOUNDED		DG_C13	Short coordination does not establish Boros, Mardu, Dune, or combat preference.	E-VM555;E-CERTIFIED;E-CECOS;E-PLAYER-LANGUAGE	LOW-PROVISIONAL	ENGINE-MAPPING-HYPOTHESIS	A short deal may be tactically obvious rather than an enduring behavioral preference.
b1.hall.setup.v1.early	b1.hall.setup.v1	C14	Contribute right away	Help the table or protect something immediately.	Requires useful early participation while a longer plan develops.	SIG_C14_EARLY_IMPACT		DG_C14	Helpfulness does not establish Selesnya, Ink, Bant, altruism, or politics.	E-VM555;E-CERTIFIED;E-CECOS;E-PLAYER-LANGUAGE	LOW-PROVISIONAL	ENGINE-MAPPING-HYPOTHESIS	Early utility may be incidental to efficient cards rather than a community preference.
b1.hall.setup.v1.long	b1.hall.setup.v1	C14	Protect the long pattern	Protect one pattern even if the payoff comes much later.	Accepts concentrated long development before the main payoff.	SIG_C14_LONG_SETUP		DG_C14	Long setup does not establish Quandrix, Witch, mathematics, or patience as virtue.	E-VM555;E-CERTIFIED;E-CECOS;E-PLAYER-LANGUAGE	LOW-PROVISIONAL	ENGINE-MAPPING-HYPOTHESIS	Budget, card speed, and table power can force a longer horizon.
b1.hall.setup.v1.staged	b1.hall.setup.v1	C14	Let each step matter	Let every setup step create some value.	Prefers staged cultivation where development contributes along the way.	SIG_C14_STAGED		DG_C14	Incremental value does not establish Green, Golgari, Abzan, Witherbloom, or growth philosophy.	E-VM555;E-CERTIFIED;E-CECOS;E-PLAYER-LANGUAGE	LOW-PROVISIONAL	ENGINE-MAPPING-HYPOTHESIS	Value engines commonly reward staged play for mechanical reasons.
b1.hall.breadth.v1.narrow	b1.hall.breadth.v1	C15	Let the limits shape it	A smaller or restricted pool makes finding the solution part of the fun.	Prefers an imposed card-pool challenge.	SIG_C15_NARROW		DG_C15	Boundary evidence only; cannot assign or exclude a color-count or edge identity and cannot cause a one-answer flip.	E-PLAYER-COMMANDER;E-PLAYER-PACE;E-CERTIFIED;E-CECOS;E-VOICE	LOW-PROVISIONAL	PILOT-HYPOTHESIS-NONSCORING	Boundary evidence only; prior independent behavior and the direct boundary are required, and this answer cannot assign an identity or cause a one-answer flip.
b1.hall.breadth.v1.broad	b1.hall.breadth.v1	C15	Keep more tools available	I prefer having more options available, then choosing which ones belong in the plan.	Prefers broad access followed by self-chosen boundaries.	SIG_C15_BROAD		DG_C15	Boundary evidence only; cannot assign or exclude a color-count or edge identity and cannot cause a one-answer flip.	E-PLAYER-COMMANDER;E-PLAYER-PACE;E-CERTIFIED;E-CECOS;E-VOICE	LOW-PROVISIONAL	PILOT-HYPOTHESIS-NONSCORING	Boundary evidence only; prior independent behavior and the direct boundary are required, and this answer cannot assign an identity or cause a one-answer flip.
b1.hall.breadth.v1.concept	b1.hall.breadth.v1	C15	Let the concept decide	Some ideas are better with tight limits; others need broader access.	Reports concept-conditional card-pool breadth.	SIG_C15_CONDITIONAL		DG_C15	Must not create directional, midpoint, averaged, negative, or all-candidate identity evidence.	E-PLAYER-COMMANDER;E-PLAYER-PACE;E-CERTIFIED;E-CECOS;E-VOICE	DIRECT-UNCERTAINTY	NON-DIRECTIONAL-NONSCORING	Evidence-bearing but non-directional; may justify another Hall item or a close, mixed, contradictory, or insufficient result and must not be averaged into support.
b1.hall.interaction-window.v1.before	b1.hall.interaction-window.v1	C08	Before the turn develops	Act before the decisive action can begin.	Prefers early prevention before the decisive action becomes visible.	SIG_C08_EARLY_WINDOW		DG_C08	Prevention alone does not establish White, Azorius, control, or public procedure.	E-VM555;E-CERTIFIED;E-CECOS;E-PLAYER-LANGUAGE	LOW-PROVISIONAL	ENGINE-MAPPING-HYPOTHESIS	Early action may be forced by card timing rather than preferred information use.
b1.hall.interaction-window.v1.after	b1.hall.interaction-window.v1	C08	When the key piece appears	Wait until the key piece is visible.	Prefers more information before committing a held answer.	SIG_C08_LATE_WINDOW		DG_C08	Waiting does not establish Blue, Dimir, knowledge, secrecy, or skill.	E-VM555;E-CERTIFIED;E-CECOS;E-PLAYER-LANGUAGE	LOW-PROVISIONAL	ENGINE-MAPPING-HYPOTHESIS	A player may wait because their card can only answer a visible permanent.
b1.hall.interaction-window.v1.pressure	b1.hall.interaction-window.v1	C08	As they commit	Act while the opponent commits the decisive resources.	Prefers the commitment window where opposing resources are exposed.	SIG_C08_COMMIT_WINDOW		DG_C08	Commitment timing does not establish Dimir, Grixis, Glint, leverage, or survival.	E-VM555;E-CERTIFIED;E-CECOS;E-PLAYER-LANGUAGE	LOW-PROVISIONAL	ENGINE-MAPPING-HYPOTHESIS	The window may be dictated by rules timing rather than behavioral preference.
b1.hall.information-to-plan.v1.consolidate	b1.hall.information-to-plan.v1	C16	Choose one route	Pick a specific route toward ending the game and organize the next turns around it.	Prefers to consolidate new options into one planned route.	SIG_C16_CONSOLIDATE		DG_C16	Does not alone imply an identity, motive, power, skill, experience, or budget.	E-CERTIFIED;E-PLAYER-PACE;E-PLAYER-THREAT;E-PLAYER-VARIANCE;E-CECOS;E-VOICE	LOW-PROVISIONAL	PILOT-HYPOTHESIS-NONSCORING	Observation wording and identity association require player validation; no weight is authorized.
b1.hall.information-to-plan.v1.open	b1.hall.information-to-plan.v1	C16	Keep several routes open	Hold multiple workable plans and decide after the table changes again.	Prefers to retain broad optionality after gaining information.	SIG_C16_OPTIONALITY		DG_C16	Does not alone imply an identity, motive, power, skill, experience, or budget.	E-CERTIFIED;E-PLAYER-PACE;E-PLAYER-THREAT;E-PLAYER-VARIANCE;E-CECOS;E-VOICE	LOW-PROVISIONAL	PILOT-HYPOTHESIS-NONSCORING	Observation wording and identity association require player validation; no weight is authorized.
b1.hall.information-to-plan.v1.exploit	b1.hall.information-to-plan.v1	C16	Use the opening now	Spend the new resources on the opportunity that exists before it disappears.	Prefers to exploit the current opening after gaining information.	SIG_C16_EXPLOIT		DG_C16	Does not alone imply an identity, motive, power, skill, experience, or budget.	E-CERTIFIED;E-PLAYER-PACE;E-PLAYER-THREAT;E-PLAYER-VARIANCE;E-CECOS;E-VOICE	LOW-PROVISIONAL	PILOT-HYPOTHESIS-NONSCORING	Observation wording and identity association require player validation; no weight is authorized.
b1.hall.information-to-plan.v1.depends	b1.hall.information-to-plan.v1	C16	Let the deck decide	Some decks commit to one route, while others stay flexible or act immediately.	Reports deck-conditional information-to-plan preference.	SIG_C16_CONDITIONAL		DG_C16	Must not create directional, midpoint, averaged, negative, or all-candidate identity evidence.	E-CERTIFIED;E-PLAYER-PACE;E-PLAYER-THREAT;E-PLAYER-VARIANCE;E-CECOS;E-VOICE	DIRECT-UNCERTAINTY	NON-DIRECTIONAL-NONSCORING	Evidence-bearing but non-directional; may justify another Hall item or a close, mixed, contradictory, or insufficient result and must not be averaged into support.
b1.crucible.ur.v1.workshop	b1.crucible.ur.v1	C04	Improve the working engine	Several smaller spells test, copy, untap, or refine a repeatable system.	Prefers iterative spell-engine payoff.	SIG_C04_INCREMENTAL		DG_C04	Does not alone imply an identity, motive, power, skill, experience, or budget.	E-CERTIFIED;E-PLAYER-THEME;E-PLAYER-PACE;E-AUDIT;E-CECOS;E-VOICE	LOW-PROVISIONAL	PILOT-HYPOTHESIS-NONSCORING	Use only after prior independent observations leave the stated competitor boundary plausible; the identity association requires player validation.
b1.crucible.ur.v1.showcase	b1.crucible.ur.v1	C04	Build toward the showcase	One large spell or sequence creates the memorable turn.	Prefers concentrated expressive payoff.	SIG_C04_CONCENTRATED		DG_C04	Does not alone imply an identity, motive, power, skill, experience, or budget.	E-CERTIFIED;E-PLAYER-THEME;E-PLAYER-PACE;E-AUDIT;E-CECOS;E-VOICE	LOW-PROVISIONAL	PILOT-HYPOTHESIS-NONSCORING	Use only after prior independent observations leave the stated competitor boundary plausible; the identity association requires player validation.
b1.crucible.ur.v1.neither	b1.crucible.ur.v1	C04	Neither describes my deck	My spell plan does not fit either payoff.	Rejects the proposed UR-family distinction.	SIG_C04_UNKNOWN		DG_C04	Must not create directional, midpoint, averaged, negative, or all-candidate identity evidence.	E-CERTIFIED;E-PLAYER-THEME;E-PLAYER-PACE;E-AUDIT;E-CECOS;E-VOICE	DIRECT-UNCERTAINTY	NON-DIRECTIONAL-NONSCORING	Evidence-bearing but non-directional; may justify another Hall item or a close, mixed, contradictory, or insufficient result and must not be averaged into support.
b1.crucible.bg.v1.reclaim	b1.crucible.bg.v1	C12	Use the same resources again	Cards return or keep contributing through a longer cycle.	Prefers reclamation and reuse.	SIG_C12_RECYCLE		DG_C12	Does not alone imply an identity, motive, power, skill, experience, or budget.	E-CERTIFIED;E-PLAYER-PACE;E-AUDIT;E-CECOS;E-VOICE	LOW-PROVISIONAL	PILOT-HYPOTHESIS-NONSCORING	Use only after prior independent observations leave the stated competitor boundary plausible; the identity association requires player validation.
b1.crucible.bg.v1.exchange	b1.crucible.bg.v1	C12	Turn the loss into a new resource	Life, tokens, cards, or draining effects come from the exchange.	Prefers immediate conversion.	SIG_C12_CONVERT		DG_C12	Does not alone imply an identity, motive, power, skill, experience, or budget.	E-CERTIFIED;E-PLAYER-PACE;E-AUDIT;E-CECOS;E-VOICE	LOW-PROVISIONAL	PILOT-HYPOTHESIS-NONSCORING	Use only after prior independent observations leave the stated competitor boundary plausible; the identity association requires player validation.
b1.crucible.bg.v1.neither	b1.crucible.bg.v1	C12	The graveyard is incidental	It is not a resource plan I seek.	Rejects the proposed BG-family distinction.	SIG_C12_UNKNOWN		DG_C12	Must not create directional, midpoint, averaged, negative, or all-candidate identity evidence.	E-CERTIFIED;E-PLAYER-PACE;E-AUDIT;E-CECOS;E-VOICE	DIRECT-UNCERTAINTY	NON-DIRECTIONAL-NONSCORING	Evidence-bearing but non-directional; may justify another Hall item or a close, mixed, contradictory, or insufficient result and must not be averaged into support.
b1.crucible.wr.v1.intervene	b1.crucible.wr.v1	C03	Stop the removal now	Protection or an immediate answer keeps the piece in play.	Prefers immediate intervention.	SIG_C03_PROTECT		DG_C03	Does not alone imply an identity, motive, power, skill, experience, or budget.	E-CERTIFIED;E-PLAYER-COMMANDER;E-AUDIT;E-CECOS;E-VOICE	LOW-PROVISIONAL	PILOT-HYPOTHESIS-NONSCORING	Use only after prior independent observations leave the stated competitor boundary plausible; the identity association requires player validation.
b1.crucible.wr.v1.recover	b1.crucible.wr.v1	C03	Recover value from the loss	Reuse the piece or turn its prior work into later value.	Prefers recovery from prior resources.	SIG_C03_RECOVER		DG_C03	Does not alone imply an identity, motive, power, skill, experience, or budget.	E-CERTIFIED;E-PLAYER-COMMANDER;E-AUDIT;E-CECOS;E-VOICE	LOW-PROVISIONAL	PILOT-HYPOTHESIS-NONSCORING	Use only after prior independent observations leave the stated competitor boundary plausible; the identity association requires player validation.
b1.crucible.wr.v1.neither	b1.crucible.wr.v1	C03	That is not the distinction	My response depends on the card.	Rejects the proposed WR-family distinction.	SIG_C03_UNKNOWN		DG_C03	Must not create directional, midpoint, averaged, negative, or all-candidate identity evidence.	E-CERTIFIED;E-PLAYER-COMMANDER;E-AUDIT;E-CECOS;E-VOICE	DIRECT-UNCERTAINTY	NON-DIRECTIONAL-NONSCORING	Evidence-bearing but non-directional; may justify another Hall item or a close, mixed, contradictory, or insufficient result and must not be averaged into support.
b1.crucible.ug.v1.adapt	b1.crucible.ug.v1	C06	Several overlapping engines	Different groups of pieces can each keep producing value if another group is disrupted.	Prefers modular overlapping engines.	SIG_C06_MODULAR		DG_C06	Does not alone imply an identity, motive, power, skill, experience, or budget.	E-CERTIFIED;E-PLAYER-COMMANDER;E-AUDIT;E-CECOS;E-VOICE	LOW-PROVISIONAL	PILOT-HYPOTHESIS-NONSCORING	Use only after prior independent observations leave the stated competitor boundary plausible; the identity association requires player validation.
b1.crucible.ug.v1.scale	b1.crucible.ug.v1	C06	One central engine	Most pieces strengthen one main engine that compounds value over time.	Accepts a concentrated central engine.	SIG_C06_CENTRAL		DG_C06	Does not alone imply an identity, motive, power, skill, experience, or budget.	E-CERTIFIED;E-PLAYER-COMMANDER;E-AUDIT;E-CECOS;E-VOICE	LOW-PROVISIONAL	PILOT-HYPOTHESIS-NONSCORING	Use only after prior independent observations leave the stated competitor boundary plausible; the identity association requires player validation.
b1.crucible.ug.v1.neither	b1.crucible.ug.v1	C06	My engine uses another structure	Neither a central engine nor several overlapping engines describes the plan.	Rejects the proposed UG-family distinction.	SIG_C06_UNKNOWN		DG_C06	Must not create directional, midpoint, averaged, negative, or all-candidate identity evidence.	E-CERTIFIED;E-PLAYER-COMMANDER;E-AUDIT;E-CECOS;E-VOICE	DIRECT-UNCERTAINTY	NON-DIRECTIONAL-NONSCORING	Evidence-bearing but non-directional; may justify another Hall item or a close, mixed, contradictory, or insufficient result and must not be averaged into support.
b1.crucible.wb.v1.terms	b1.crucible.wb.v1	C13	The terms carry a cost	Obligations, consequences, or exchange terms remain clear.	Prefers obligation-centered commitment.	SIG_C13_DURABLE		DG_C13	Does not imply honesty, morality, sociability, or political skill and cannot place an identity by itself.	E-CERTIFIED;E-PLAYER-PACE;E-AUDIT;E-CECOS;E-VOICE	LOW-PROVISIONAL	PILOT-HYPOTHESIS-NONSCORING	Use only after prior independent observations leave the stated competitor boundary plausible; the identity association requires player validation.
b1.crucible.wb.v1.influence	b1.crucible.wb.v1	C13	Change the situation now	The agreement changes the current table situation without binding anyone's later choices.	Prefers an influence-centered agreement that changes the current situation without binding later choices.	SIG_C13_REVISABLE		DG_C13	Does not imply honesty, morality, sociability, or political skill and cannot place an identity by itself.	E-CERTIFIED;E-PLAYER-PACE;E-AUDIT;E-CECOS;E-VOICE	LOW-PROVISIONAL	PILOT-HYPOTHESIS-NONSCORING	Use only after prior independent observations leave the stated competitor boundary plausible; the identity association requires player validation.
b1.crucible.wb.v1.neither	b1.crucible.wb.v1	C13	I avoid that kind of deal	I lack enough experience or preference.	Reports missing experience.	SIG_C13_UNKNOWN		DG_C13	Must not create directional, midpoint, averaged, negative, or all-candidate identity evidence.	E-CERTIFIED;E-PLAYER-PACE;E-AUDIT;E-CECOS;E-VOICE	DIRECT-UNCERTAINTY	NON-DIRECTIONAL-NONSCORING	Evidence-bearing but non-directional; may justify another Hall item or a close, mixed, contradictory, or insufficient result and must not be averaged into support.
b1.crucible.bant.v1.refine	b1.crucible.bant.v1	C05	Refine and protect the commander	The deck improves and protects the commander as its centerpiece.	Accepts a protected commander centerpiece.	SIG_C05_CENTERPIECE		DG_C05	Does not alone imply an identity, motive, power, skill, experience, or budget.	E-CERTIFIED;E-PLAYER-COMMANDER;E-AUDIT;E-CECOS;E-VOICE	LOW-PROVISIONAL	PILOT-HYPOTHESIS-NONSCORING	Use only after prior independent observations leave the stated competitor boundary plausible; the identity association requires player validation.
b1.crucible.bant.v1.network	b1.crucible.bant.v1	C05	Keep the rest of the deck functional	Several pieces remain useful if the commander is removed.	Prefers distributed function beyond the commander.	SIG_C05_RESILIENT_99		DG_C05	Does not alone imply an identity, motive, power, skill, experience, or budget.	E-CERTIFIED;E-PLAYER-COMMANDER;E-AUDIT;E-CECOS;E-VOICE	LOW-PROVISIONAL	PILOT-HYPOTHESIS-NONSCORING	Use only after prior independent observations leave the stated competitor boundary plausible; the identity association requires player validation.
b1.crucible.bant.v1.neither	b1.crucible.bant.v1	C05	The commander should not carry it	The scenario does not fit my plan.	Rejects the proposed Bant boundary.	SIG_C05_UNKNOWN		DG_C05	Must not create directional, midpoint, averaged, negative, or all-candidate identity evidence.	E-CERTIFIED;E-PLAYER-COMMANDER;E-AUDIT;E-CECOS;E-VOICE	DIRECT-UNCERTAINTY	NON-DIRECTIONAL-NONSCORING	Evidence-bearing but non-directional; may justify another Hall item or a close, mixed, contradictory, or insufficient result and must not be averaged into support.
b1.crucible.grixis.v1.calculate	b1.crucible.grixis.v1	C01	Create a precise opening	Use information or interaction before exploiting the weakness.	Prefers calculated reactive opening.	SIG_C01_REACTIVE		DG_C01	Does not alone imply identity or stable posture across contexts; never stack with another C01 observation.	E-CERTIFIED;E-PLAYER-PACE;E-AUDIT;E-CECOS;E-VOICE	LOW-PROVISIONAL	PILOT-HYPOTHESIS-NONSCORING	Initiative posture may vary across calm, behind, and disrupted contexts; every C01 response shares DG_C01 and cannot stack.
b1.crucible.grixis.v1.convert	b1.crucible.grixis.v1	C01	Act before the window closes	Commit to the strongest available line and make the table answer.	Prefers proactive action while the opening exists.	SIG_C01_PROACTIVE		DG_C01	Does not alone imply identity or stable posture across contexts; never stack with another C01 observation.	E-CERTIFIED;E-PLAYER-PACE;E-AUDIT;E-CECOS;E-VOICE	LOW-PROVISIONAL	PILOT-HYPOTHESIS-NONSCORING	Initiative posture may vary across calm, behind, and disrupted contexts; every C01 response shares DG_C01 and cannot stack.
b1.crucible.grixis.v1.neither	b1.crucible.grixis.v1	C01	I need a different route	Neither opening describes my plan.	Rejects the proposed Grixis boundary.	SIG_C01_UNKNOWN		DG_C01	Must not create directional, midpoint, averaged, negative, or all-candidate identity evidence.	E-CERTIFIED;E-PLAYER-PACE;E-AUDIT;E-CECOS;E-VOICE	DIRECT-UNCERTAINTY	NON-DIRECTIONAL-NONSCORING	Evidence-bearing but non-directional; may justify another Hall item or a close, mixed, contradictory, or insufficient result and must not be averaged into support.
b1.crucible.sultai.v1.best	b1.crucible.sultai.v1	C12	Convert whichever matters least	Choose among resource types as the board changes.	Prefers flexible cross-resource conversion.	SIG_C12_CONVERT		DG_C12	Does not alone imply an identity, motive, power, skill, experience, or budget.	E-CERTIFIED;E-PLAYER-PACE;E-AUDIT;E-CECOS;E-VOICE	LOW-PROVISIONAL	PILOT-HYPOTHESIS-NONSCORING	Use only after prior independent observations leave the stated competitor boundary plausible; the identity association requires player validation.
b1.crucible.sultai.v1.cycle	b1.crucible.sultai.v1	C12	Keep one cycle dependable	Center a repeatable cycle on one known resource.	Prefers a narrower recyclable cycle.	SIG_C12_RECYCLE		DG_C12	Does not alone imply an identity, motive, power, skill, experience, or budget.	E-CERTIFIED;E-PLAYER-PACE;E-AUDIT;E-CECOS;E-VOICE	LOW-PROVISIONAL	PILOT-HYPOTHESIS-NONSCORING	Use only after prior independent observations leave the stated competitor boundary plausible; the identity association requires player validation.
b1.crucible.sultai.v1.neither	b1.crucible.sultai.v1	C12	Conversion is not central	The scenario does not fit my main plan.	Rejects the proposed Sultai boundary.	SIG_C12_UNKNOWN		DG_C12	Must not create directional, midpoint, averaged, negative, or all-candidate identity evidence.	E-CERTIFIED;E-PLAYER-PACE;E-AUDIT;E-CECOS;E-VOICE	DIRECT-UNCERTAINTY	NON-DIRECTIONAL-NONSCORING	Evidence-bearing but non-directional; may justify another Hall item or a close, mixed, contradictory, or insufficient result and must not be averaged into support.
b1.crucible.temur.v1.adapt	b1.crucible.temur.v1	C01	Use the board that exists	The creatures, mana, and cards already available form a new line.	Prefers immediate board-based adaptation.	SIG_C01_PROACTIVE		DG_C01	Does not alone imply identity or stable posture across contexts; never stack with another C01 observation.	E-CERTIFIED;E-PLAYER-PACE;E-AUDIT;E-CECOS;E-VOICE	LOW-PROVISIONAL	PILOT-HYPOTHESIS-NONSCORING	Initiative posture may vary across calm, behind, and disrupted contexts; every C01 response shares DG_C01 and cannot stack.
b1.crucible.temur.v1.reset	b1.crucible.temur.v1	C01	Rebuild the planned engine	Protect the core plan and restore it later.	Prefers returning to a deliberate plan.	SIG_C01_REACTIVE		DG_C01	Does not alone imply identity or stable posture across contexts; never stack with another C01 observation.	E-CERTIFIED;E-PLAYER-PACE;E-AUDIT;E-CECOS;E-VOICE	LOW-PROVISIONAL	PILOT-HYPOTHESIS-NONSCORING	Initiative posture may vary across calm, behind, and disrupted contexts; every C01 response shares DG_C01 and cannot stack.
b1.crucible.temur.v1.neither	b1.crucible.temur.v1	C01	My deck changes another way	Neither route describes the adaptation.	Rejects the proposed Temur boundary.	SIG_C01_UNKNOWN		DG_C01	Must not create directional, midpoint, averaged, negative, or all-candidate identity evidence.	E-CERTIFIED;E-PLAYER-PACE;E-AUDIT;E-CECOS;E-VOICE	DIRECT-UNCERTAINTY	NON-DIRECTIONAL-NONSCORING	Evidence-bearing but non-directional; may justify another Hall item or a close, mixed, contradictory, or insufficient result and must not be averaged into support.
b1.crucible.esper.v1.designed	b1.crucible.esper.v1	C06	Build the designed engine	Interlocking permanents repeatedly turn information and resources into control and advantage.	Prefers a designed permanent-based engine.	SIG_C06_CENTRAL		DG_C06	Does not alone imply an identity, motive, power, skill, experience, or budget.	E-CERTIFIED;E-PLAYER-COMMANDER;E-PLAYER-THREAT;E-AUDIT;E-CECOS;E-VOICE	LOW-PROVISIONAL	PILOT-HYPOTHESIS-NONSCORING	Use only after prior independent observations leave the stated competitor boundary plausible; the identity association requires player validation.
b1.crucible.esper.v1.flexible	b1.crucible.esper.v1	C06	Keep answers interchangeable	Cards in hand and replaceable answers matter more than a fixed battlefield engine.	Prefers flexible replaceable control resources.	SIG_C06_REDUNDANT		DG_C06	Does not alone imply an identity, motive, power, skill, experience, or budget.	E-CERTIFIED;E-PLAYER-COMMANDER;E-PLAYER-THREAT;E-AUDIT;E-CECOS;E-VOICE	LOW-PROVISIONAL	PILOT-HYPOTHESIS-NONSCORING	Use only after prior independent observations leave the stated competitor boundary plausible; the identity association requires player validation.
b1.crucible.esper.v1.neither	b1.crucible.esper.v1	C06	My control plan is different	Neither a designed permanent engine nor interchangeable answers is central.	Rejects the proposed Esper boundary.	SIG_C06_UNKNOWN		DG_C06	Must not create directional, midpoint, averaged, negative, or all-candidate identity evidence.	E-CERTIFIED;E-PLAYER-COMMANDER;E-PLAYER-THREAT;E-AUDIT;E-CECOS;E-VOICE	DIRECT-UNCERTAINTY	NON-DIRECTIONAL-NONSCORING	Evidence-bearing but non-directional; may justify another Hall item or a close, mixed, contradictory, or insufficient result and must not be averaged into support.
b1.crucible.jeskai.v1.sequence	b1.crucible.jeskai.v1	C08	Attack and keep one precise answer	Advance the combat plan while preserving a specific interaction window.	Prefers sequenced pressure with bounded interaction.	SIG_C08_SPLIT		DG_C08	Does not alone imply an identity, motive, power, skill, experience, or budget.	E-CERTIFIED;E-PLAYER-PACE;E-PLAYER-THREAT;E-AUDIT;E-CECOS;E-VOICE	LOW-PROVISIONAL	PILOT-HYPOTHESIS-NONSCORING	Use only after prior independent observations leave the stated competitor boundary plausible; the identity association requires player validation.
b1.crucible.jeskai.v1.commit	b1.crucible.jeskai.v1	C08	Commit to present pressure	Use available mana now to make the attack matter as much as possible.	Prefers own-turn commitment in the contested window.	SIG_C08_OWN_TURN		DG_C08	Does not alone imply an identity, motive, power, skill, experience, or budget.	E-CERTIFIED;E-PLAYER-PACE;E-PLAYER-THREAT;E-AUDIT;E-CECOS;E-VOICE	LOW-PROVISIONAL	PILOT-HYPOTHESIS-NONSCORING	Use only after prior independent observations leave the stated competitor boundary plausible; the identity association requires player validation.
b1.crucible.jeskai.v1.wait	b1.crucible.jeskai.v1	C08	Wait, learn, then act	Hold resources until the opponent reveals the decisive action.	Prefers opponent-turn optionality in the contested window.	SIG_C08_OPPONENT_TURN		DG_C08	Does not alone imply an identity, motive, power, skill, experience, or budget.	E-CERTIFIED;E-PLAYER-PACE;E-PLAYER-THREAT;E-AUDIT;E-CECOS;E-VOICE	LOW-PROVISIONAL	PILOT-HYPOTHESIS-NONSCORING	Use only after prior independent observations leave the stated competitor boundary plausible; the identity association requires player validation.
b1.crucible.yore-glint.v1.engineered	b1.crucible.yore-glint.v1	C09	The sequence is repeatable	Known conversions and backups produce a dependable line.	Prefers engineered repeatability.	SIG_C09_CONSISTENT		DG_C09	Does not alone imply an identity, motive, power, skill, experience, or budget.	E-CERTIFIED;E-PLAYER-VARIANCE;E-AUDIT;E-CECOS;E-VOICE	LOW-PROVISIONAL	PILOT-HYPOTHESIS-NONSCORING	Use only after prior independent observations leave the stated competitor boundary plausible; the identity association requires player validation.
b1.crucible.yore-glint.v1.improvise	b1.crucible.yore-glint.v1	C09	Available pieces redirect it	The engine finds a different route as resources change.	Prefers improvisational variance.	SIG_C09_VARIANT		DG_C09	Does not alone imply an identity, motive, power, skill, experience, or budget.	E-CERTIFIED;E-PLAYER-VARIANCE;E-AUDIT;E-CECOS;E-VOICE	LOW-PROVISIONAL	PILOT-HYPOTHESIS-NONSCORING	Use only after prior independent observations leave the stated competitor boundary plausible; the identity association requires player validation.
b1.crucible.yore-glint.v1.neither	b1.crucible.yore-glint.v1	C09	Predictability is not the boundary	The distinction does not fit.	Rejects the proposed four-color boundary.	SIG_C09_UNKNOWN		DG_C09	Must not create directional, midpoint, averaged, negative, or all-candidate identity evidence.	E-CERTIFIED;E-PLAYER-VARIANCE;E-AUDIT;E-CECOS;E-VOICE	DIRECT-UNCERTAINTY	NON-DIRECTIONAL-NONSCORING	Evidence-bearing but non-directional; may justify another Hall item or a close, mixed, contradictory, or insufficient result and must not be averaged into support.
b1.crucible.glint-dune.v1.shifting	b1.crucible.glint-dune.v1	C11	Several changing angles	Opponents cannot predict which resource becomes pressure.	Prefers shifting threat.	SIG_C11_ADAPTIVE		DG_C11	Does not alone imply an identity, motive, power, skill, experience, or budget.	E-CERTIFIED;E-PLAYER-THREAT;E-AUDIT;E-CECOS;E-VOICE	LOW-PROVISIONAL	PILOT-HYPOTHESIS-NONSCORING	Use only after prior independent observations leave the stated competitor boundary plausible; the identity association requires player validation.
b1.crucible.glint-dune.v1.front	b1.crucible.glint-dune.v1	C11	A visible common front	The board presents organized forward pressure.	Prefers visible organized threat.	SIG_C11_EMBRACE		DG_C11	Does not alone imply an identity, motive, power, skill, experience, or budget.	E-CERTIFIED;E-PLAYER-THREAT;E-AUDIT;E-CECOS;E-VOICE	LOW-PROVISIONAL	PILOT-HYPOTHESIS-NONSCORING	Use only after prior independent observations leave the stated competitor boundary plausible; the identity association requires player validation.
b1.crucible.glint-dune.v1.neither	b1.crucible.glint-dune.v1	C11	I avoid the main threat role	Neither pressure shape fits.	Rejects the proposed four-color boundary.	SIG_C11_UNKNOWN		DG_C11	Must not create directional, midpoint, averaged, negative, or all-candidate identity evidence.	E-CERTIFIED;E-PLAYER-THREAT;E-AUDIT;E-CECOS;E-VOICE	DIRECT-UNCERTAINTY	NON-DIRECTIONAL-NONSCORING	Evidence-bearing but non-directional; may justify another Hall item or a close, mixed, contradictory, or insufficient result and must not be averaged into support.
b1.crucible.dune-ink.v1.front	b1.crucible.dune-ink.v1	C13	Coordinate one immediate push	A short commitment turns shared pressure into action.	Prefers bounded action commitment.	SIG_C13_BOUNDED		DG_C13	Does not imply honesty, morality, sociability, or political skill and cannot place an identity by itself.	E-CERTIFIED;E-PLAYER-PACE;E-AUDIT;E-CECOS;E-VOICE	LOW-PROVISIONAL	PILOT-HYPOTHESIS-NONSCORING	Use only after prior independent observations leave the stated competitor boundary plausible; the identity association requires player validation.
b1.crucible.dune-ink.v1.commons	b1.crucible.dune-ink.v1	C13	Keep shared access available	Protect the benefit so several players can continue using it.	Prefers durable shared-resource commitment.	SIG_C13_DURABLE		DG_C13	Does not imply honesty, morality, sociability, or political skill and cannot place an identity by itself.	E-CERTIFIED;E-PLAYER-PACE;E-AUDIT;E-CECOS;E-VOICE	LOW-PROVISIONAL	PILOT-HYPOTHESIS-NONSCORING	Use only after prior independent observations leave the stated competitor boundary plausible; the identity association requires player validation.
b1.crucible.dune-ink.v1.neither	b1.crucible.dune-ink.v1	C13	I would not commit	The scenario does not match my preference.	Rejects the proposed four-color boundary.	SIG_C13_UNKNOWN		DG_C13	Must not create directional, midpoint, averaged, negative, or all-candidate identity evidence.	E-CERTIFIED;E-PLAYER-PACE;E-AUDIT;E-CECOS;E-VOICE	DIRECT-UNCERTAINTY	NON-DIRECTIONAL-NONSCORING	Evidence-bearing but non-directional; may justify another Hall item or a close, mixed, contradictory, or insufficient result and must not be averaged into support.
b1.crucible.ink-witch.v1.share	b1.crucible.ink-witch.v1	C14	Do useful work early	Cards or mana influence the game while the main plan develops.	Prefers early impact during setup.	SIG_C14_EARLY_IMPACT		DG_C14	Does not alone imply an identity, motive, power, skill, experience, or budget.	E-CERTIFIED;E-PLAYER-PACE;E-AUDIT;E-CECOS;E-VOICE	LOW-PROVISIONAL	PILOT-HYPOTHESIS-NONSCORING	Use only after prior independent observations leave the stated competitor boundary plausible; the identity association requires player validation.
b1.crucible.ink-witch.v1.compound	b1.crucible.ink-witch.v1	C14	Let resources accumulate	Keep building until later turns can do more.	Accepts long setup for larger later turns.	SIG_C14_LONG_SETUP		DG_C14	Does not alone imply an identity, motive, power, skill, experience, or budget.	E-CERTIFIED;E-PLAYER-PACE;E-AUDIT;E-CECOS;E-VOICE	LOW-PROVISIONAL	PILOT-HYPOTHESIS-NONSCORING	Use only after prior independent observations leave the stated competitor boundary plausible; the identity association requires player validation.
b1.crucible.ink-witch.v1.depends	b1.crucible.ink-witch.v1	C14	Timing depends on the deck	Different decks make different setup lengths feel right.	Reports deck-conditional setup tolerance.	SIG_C14_CONDITIONAL		DG_C14	Must not create directional, midpoint, averaged, negative, or all-candidate identity evidence.	E-CERTIFIED;E-PLAYER-PACE;E-AUDIT;E-CECOS;E-VOICE	DIRECT-UNCERTAINTY	NON-DIRECTIONAL-NONSCORING	Evidence-bearing but non-directional; may justify another Hall item or a close, mixed, contradictory, or insufficient result and must not be averaged into support.
b1.crucible.witch-yore.v1.compound	b1.crucible.witch-yore.v1	C06	One engine keeps compounding	Most pieces strengthen one central engine that builds more value over time.	Prefers one central engine that compounds value over time.	SIG_C06_CENTRAL		DG_C06	Does not alone imply an identity, motive, power, skill, experience, or budget.	E-CERTIFIED;E-PLAYER-COMMANDER;E-AUDIT;E-CECOS;E-VOICE	LOW-PROVISIONAL	PILOT-HYPOTHESIS-NONSCORING	Use only after prior independent observations leave the stated competitor boundary plausible; the identity association requires player validation.
b1.crucible.witch-yore.v1.convert	b1.crucible.witch-yore.v1	C06	Several pieces make the same conversion	Interchangeable pieces can each turn one resource into another, so no single piece is indispensable.	Prefers several interchangeable conversion pieces over one indispensable engine.	SIG_C06_REDUNDANT		DG_C06	Does not alone imply an identity, motive, power, skill, experience, or budget.	E-CERTIFIED;E-PLAYER-COMMANDER;E-AUDIT;E-CECOS;E-VOICE	LOW-PROVISIONAL	PILOT-HYPOTHESIS-NONSCORING	Use only after prior independent observations leave the stated competitor boundary plausible; the identity association requires player validation.
b1.crucible.witch-yore.v1.neither	b1.crucible.witch-yore.v1	C06	My engine differs	Neither one central engine nor several interchangeable conversion pieces describes the plan.	Rejects the proposed four-color boundary.	SIG_C06_UNKNOWN		DG_C06	Must not create directional, midpoint, averaged, negative, or all-candidate identity evidence.	E-CERTIFIED;E-PLAYER-COMMANDER;E-AUDIT;E-CECOS;E-VOICE	DIRECT-UNCERTAINTY	NON-DIRECTIONAL-NONSCORING	Evidence-bearing but non-directional; may justify another Hall item or a close, mixed, contradictory, or insufficient result and must not be averaged into support.
b1.crucible.colorless-wubrg.v1.constraint	b1.crucible.colorless-wubrg.v1	C15	Work within the limits	Some useful tools are unavailable, and finding unexpected solutions is part of the appeal.	Prefers an imposed card-pool limitation as part of the desired challenge.	SIG_C15_NARROW		DG_C15	Boundary evidence only; cannot assign or exclude a color-count or edge identity and cannot cause a one-answer flip.	E-CERTIFIED;E-PLAYER-COMMANDER;E-AUDIT;E-CECOS;E-VOICE	LOW-PROVISIONAL	PILOT-HYPOTHESIS-NONSCORING	Boundary evidence only; prior independent behavior and the direct boundary are required, and this answer cannot assign an identity or cause a one-answer flip.
b1.crucible.colorless-wubrg.v1.breadth	b1.crucible.colorless-wubrg.v1	C15	Choose the limits myself	Keep the widest range of tools available, then decide which theme, mechanic, or rule the deck will follow.	Prefers broad access followed by self-chosen deckbuilding boundaries.	SIG_C15_BROAD		DG_C15	Boundary evidence only; cannot assign or exclude a color-count or edge identity and cannot cause a one-answer flip.	E-CERTIFIED;E-PLAYER-COMMANDER;E-AUDIT;E-CECOS;E-VOICE	LOW-PROVISIONAL	PILOT-HYPOTHESIS-NONSCORING	Boundary evidence only; prior independent behavior and the direct boundary are required, and this answer cannot assign an identity or cause a one-answer flip.
b1.crucible.colorless-wubrg.v1.neither	b1.crucible.colorless-wubrg.v1	C15	The available tools aren’t the point	I care more about the deck idea than whether the starting pool is broad or narrow.	Rejects the edge distinction.	SIG_C15_UNKNOWN		DG_C15	Must not create directional, midpoint, averaged, negative, or all-candidate identity evidence.	E-CERTIFIED;E-PLAYER-COMMANDER;E-AUDIT;E-CECOS;E-VOICE	DIRECT-UNCERTAINTY	NON-DIRECTIONAL-NONSCORING	Evidence-bearing but non-directional; may justify another Hall item or a close, mixed, contradictory, or insufficient result and must not be averaged into support.
b1.crucible.mono-multi.v1.mono	b1.crucible.mono-multi.v1	C15	Explore one color’s limits	Find solutions inside one color’s tools.	Prefers solving within one color's available tools.	SIG_C15_NARROW		DG_C15	Boundary evidence only; cannot assign or exclude a color-count or edge identity and cannot cause a one-answer flip.	E-CERTIFIED;E-PLAYER-COMMANDER;E-PLAYER-PACE;E-AUDIT;E-CECOS;E-VOICE	LOW-PROVISIONAL	PILOT-HYPOTHESIS-NONSCORING	Boundary evidence only; prior independent behavior and the direct boundary are required, and this answer cannot assign an identity or cause a one-answer flip.
b1.crucible.mono-multi.v1.multi	b1.crucible.mono-multi.v1	C15	Combine several color roles	Keep more kinds of tools available and decide which ones belong in the plan.	Prefers access to several color roles followed by deliberate selection.	SIG_C15_BROAD		DG_C15	Boundary evidence only; cannot assign or exclude a color-count or edge identity and cannot cause a one-answer flip.	E-CERTIFIED;E-PLAYER-COMMANDER;E-PLAYER-PACE;E-AUDIT;E-CECOS;E-VOICE	LOW-PROVISIONAL	PILOT-HYPOTHESIS-NONSCORING	Boundary evidence only; prior independent behavior and the direct boundary are required, and this answer cannot assign an identity or cause a one-answer flip.
b1.crucible.mono-multi.v1.pattern	b1.crucible.mono-multi.v1	C15	Let the play pattern decide	Choose the color count that best serves the way the deck plays.	Reports no independent breadth preference.	SIG_C15_CONDITIONAL		DG_C15	Must not create directional, midpoint, averaged, negative, or all-candidate identity evidence.	E-CERTIFIED;E-PLAYER-COMMANDER;E-PLAYER-PACE;E-AUDIT;E-CECOS;E-VOICE	DIRECT-UNCERTAINTY	NON-DIRECTIONAL-NONSCORING	Evidence-bearing but non-directional; may justify another Hall item or a close, mixed, contradictory, or insufficient result and must not be averaged into support.
b1.hall.commitment.v1.procedure	b1.hall.commitment.v1	C13	Apply one clear rule	Keep one clear rule and apply it to everyone.	Prefers public procedural consistency after circumstances change.	SIG_C13_PROCEDURAL		DG_C13	Procedure alone does not establish White, Azorius, or Bant; private advantage and experience with table agreements remain separate.	E-VM555;E-CERTIFIED;E-CECOS;E-PLAYER-LANGUAGE	LOW-PROVISIONAL	ENGINE-MAPPING-HYPOTHESIS	Public consistency can be chosen for convenience, fairness, threat management, or social comfort; it requires independent evidence.
b1.hall.commitment.v1.access	b1.hall.commitment.v1	C13	Protect shared access	Preserve access for everyone affected by the threat.	Prefers protecting a shared resource or opportunity after circumstances change.	SIG_C13_SHARED_ACCESS		DG_C13	Shared access does not establish Selesnya, Ink, Bant, or WUBRG; helping the table is not identity proof.	E-VM555;E-CERTIFIED;E-CECOS;E-PLAYER-LANGUAGE	LOW-PROVISIONAL	ENGINE-MAPPING-HYPOTHESIS	A player may preserve access for tactical benefit, generosity, politics, or theme; independent evidence is required.
b1.hall.pressure.v1.coordinate	b1.hall.pressure.v1	C07	Coordinate one attack	Coordinate the board into one disciplined attack.	Prefers formation-based combat pressure during a shared opening.	SIG_C07_COORDINATED_COMBAT		DG_C07	Combat coordination does not establish Boros, Mardu, Dune, duty, or leadership.	E-VM555;E-CERTIFIED;E-CECOS;E-PLAYER-LANGUAGE	LOW-PROVISIONAL	ENGINE-MAPPING-HYPOTHESIS	The tactically strongest attack may look coordinated without reflecting a stable preference.
b1.hall.pressure.v1.abundance	b1.hall.pressure.v1	C07	Keep the wide board moving	Turn a wide living board into sustained pressure.	Prefers abundance-based board pressure rather than one concentrated strike.	SIG_C07_ABUNDANCE_PRESSURE		DG_C07	A wide board does not establish Naya, Selesnya, tokens, or belonging.	E-VM555;E-CERTIFIED;E-CECOS;E-PLAYER-LANGUAGE	LOW-PROVISIONAL	ENGINE-MAPPING-HYPOTHESIS	Board width may be accidental or mechanically efficient rather than identity-relevant.
b1.hall.pressure.v1.burst	b1.hall.pressure.v1	C07	Make one visible turn count	Build one visible turn that changes the game.	Prefers a concentrated exposed payoff during the opening.	SIG_C07_VISIBLE_BURST		DG_C07	A large turn does not establish Rakdos, Prismari, spectacle, or appetite.	E-VM555;E-CERTIFIED;E-CECOS;E-PLAYER-LANGUAGE	LOW-PROVISIONAL	ENGINE-MAPPING-HYPOTHESIS	Combo and efficient decks may also concentrate resources into one turn for unrelated reasons.
b1.hall.engine-shape.v1.purpose	b1.hall.engine-shape.v1	C06	Keep the goal, change the tool	Keep one purpose but change which tool reaches it.	Prefers a stable purpose with flexible implementation routes.	SIG_C06_FLEXIBLE_ROUTE		DG_C06	Toolbox play does not establish Dimir, Sultai, WUBRG, secrecy, or opportunism.	E-VM555;E-CERTIFIED;E-CECOS;E-PLAYER-LANGUAGE	LOW-PROVISIONAL	ENGINE-MAPPING-HYPOTHESIS	Flexible tools can be a response to a varied metagame rather than a stable preference.
b1.hall.interaction-window.v1.split	b1.hall.interaction-window.v1	C08	Advance with one answer ready	Advance the plan but preserve one precise answer.	Prefers split commitment between development and one bounded response.	SIG_C08_SPLIT		DG_C08	Split mana does not establish Izzet, Jeskai, discipline, or tempo.	E-VM555;E-CERTIFIED;E-CECOS;E-PLAYER-LANGUAGE	LOW-PROVISIONAL	ENGINE-MAPPING-HYPOTHESIS	Efficient curves can produce this line without a stable interaction preference.
b1.hall.setup.v1.change	b1.hall.setup.v1	C14	Change plans for this game	Change plans if the setup cannot affect this game.	Prefers board-responsive development over preserving a stalled long plan.	SIG_C14_BOARD_RESPONSIVE		DG_C14	Changing plans does not establish Temur, Glint, Red, freedom, or instinct.	E-VM555;E-CERTIFIED;E-CECOS;E-PLAYER-LANGUAGE	LOW-PROVISIONAL	ENGINE-MAPPING-HYPOTHESIS	A clearly lost setup can make changing plans tactically mandatory.
b1.crucible.disruption-boundary.v1.preserve	b1.crucible.disruption-boundary.v1	C03	Keep the protection intact	Preserve the pieces that still protect the plan.	Prioritizes continuity through remaining protection.	SIG_C03_PROTECT		DG_C03	Protection does not establish White, Selesnya, Abzan, or commander reliance.	E-VM555;E-CERTIFIED;E-CECOS;E-PLAYER-LANGUAGE	LOW-PROVISIONAL	ENGINE-MAPPING-HYPOTHESIS	The remaining protection may simply be the strongest available line.
b1.crucible.disruption-boundary.v1.reuse	b1.crucible.disruption-boundary.v1	C03	Reuse what was lost	Reuse what was lost as part of the next cycle.	Prefers reclamation and continuity after loss.	SIG_C03_RECOVER		DG_C03	Recursion and graveyard use do not establish Golgari, Lorehold, or a color identity.	E-VM555;E-CERTIFIED;E-CECOS;E-PLAYER-LANGUAGE	LOW-PROVISIONAL	ENGINE-MAPPING-HYPOTHESIS	The deck may contain recursion for efficiency rather than a stable recovery preference.
b1.crucible.disruption-boundary.v1.convert	b1.crucible.disruption-boundary.v1	C03	Turn the loss into a resource	Turn the loss into a different resource now.	Prefers converting disruption into immediate personal agency.	SIG_C03_CONVERT		DG_C03	Conversion, sacrifice, or paying life does not establish Black, Witherbloom, Sultai, or appetite.	E-VM555;E-CERTIFIED;E-CECOS;E-PLAYER-LANGUAGE	LOW-PROVISIONAL	ENGINE-MAPPING-HYPOTHESIS	Many engines convert lost pieces automatically; independent behavior is required.
b1.crucible.disruption-boundary.v1.adapt	b1.crucible.disruption-boundary.v1	C03	Use the board that remains	Use the board that exists and change course.	Prefers board-led adaptation over restoring the ideal plan.	SIG_C03_ADAPT		DG_C03	Adaptation does not establish Green, Gruul, Temur, Glint, or resilience as identity.	E-VM555;E-CERTIFIED;E-CECOS;E-PLAYER-LANGUAGE	LOW-PROVISIONAL	ENGINE-MAPPING-HYPOTHESIS	Any player may pivot when reconstruction is impossible.
b1.crucible.disruption-boundary.v1.act	b1.crucible.disruption-boundary.v1	C03	Use the remaining opening	Act before the remaining opening closes.	Prefers immediate action after disruption rather than restoration.	SIG_C03_ACT		DG_C03	Urgency does not establish Red, Rakdos, Jund, Grixis, or aggression.	E-VM555;E-CERTIFIED;E-CECOS;E-PLAYER-LANGUAGE	LOW-PROVISIONAL	ENGINE-MAPPING-HYPOTHESIS	The opponent being tapped out can make immediate action tactically correct for any deck.
b1.crucible.disruption-boundary.v1.reconstruct	b1.crucible.disruption-boundary.v1	C03	Reconstruct the system	Reconstruct the deliberate plan.	Prefers returning to a designed system after disruption.	SIG_C03_RECONSTRUCT		DG_C03	Reconstruction does not establish Blue, Esper, perfection, or central-engine preference.	E-VM555;E-CERTIFIED;E-CECOS;E-PLAYER-LANGUAGE	LOW-PROVISIONAL	ENGINE-MAPPING-HYPOTHESIS	Some decks have no functional alternative route, making reconstruction compulsory.
