identity_id	identity_name	primary_behavioral_explanation	nearest_useful_alternative	observable_distinction	honest_limitation	commander_expression	table_read	useful_archetype_links	optional_profile_enrichment	recommendation_direction	dossier_learning_value	maze_or_matrix_next_step	owner_review_required	certified_identity_context	answer_observation_sources	certified_identity_sources	nearest_alternative_sources	content_readiness	instrument_observability	mapping_validation	content_rationale	observability_rationale	unresolved_validation_need
ABZAN	Abzan Houses	The reading can describe protection, recovery, long setup, and commitments that preserve a durable position	Witch / Growth	Abzan should require durable protection or recovery across disruption; Witch should require a compounding growth trajectory	The pilot has no direct Abzan discriminator and the competitor boundary is not player-validated	Resilient creature networks, counters, recursion, or value that survives loss	A position meant to endure rather than merely grow unchecked	Midrange; recursion; counters	Master Planner only if long-term compounding is separately self-reported	Explore commanders that keep a board or community functional after disruption	Certified identity language can teach accountable endurance and the risk of rigidity	Compare Abzan with Witch and White in Matrix; open recovery-oriented Maze paths	YES	Abzan treats survival as a duty carried by family, ancestor memory, and the living house.	docs/plans/vm551-gate-b1-placement-instrument/identity-coverage-matrix.tsv;docs/plans/vm551-gate-b1-placement-instrument/answer-signal-contracts.tsv	data/raw-factions/abzan/abzan.placement.json;data/raw-factions/abzan/abzan.profile.json;data/identity-layers.json;data/factions.json	data/raw-factions/witch/witch.placement.json;data/raw-factions/witch/witch.profile.json	CONTENT_READY	PARTIALLY_OBSERVABLE	MAPPING_HYPOTHESIS	The result package remains useful, distinct, source-backed, bounded, and complete; mapping evidence is tracked separately.	The pool observes relevant broad or family behavior but has no direct identity-specific discriminator.	Direct identity-specific observation and validated Abzan/Witch boundary
B	Black	The reading can explain willingness to convert permanents, life, or cards and accept visible threat for durable advantage	Golgari Swarm	Black should center flexible ambition and resource conversion; Golgari should center reuse of what died	Broad constructs do not establish mono-color preference or separate Black from four-color conversion identities	Sacrifice, reanimation, drain, resource exchange, or graveyard value	Resources are expendable when the exchange advances the plan	Aristocrats; reanimator; combo; midrange	Spike or Johnny/Jenny only as optional reasons for using the same conversion pattern	Explore mono-Black commanders that turn one resource into another with a defined finish	Certified mono identity can teach ambition, cost, and recursion without diagnosing personality	Compare Black with Golgari and Glint; use Maze for sacrifice or recursion starts	YES	Black believes the world offers no guaranteed fairness.	docs/plans/vm551-gate-b1-placement-instrument/identity-coverage-matrix.tsv;docs/plans/vm551-gate-b1-placement-instrument/answer-signal-contracts.tsv	data/raw-factions/black/black.placement.json;data/raw-factions/black/black.profile.json;data/identity-layers.json;data/factions.json	data/raw-factions/golgari_swarm/golgari_swarm.placement.json;data/raw-factions/golgari_swarm/golgari_swarm.profile.json	CONTENT_READY	PARTIALLY_OBSERVABLE	MAPPING_HYPOTHESIS	The result package remains useful, distinct, source-backed, bounded, and complete; mapping evidence is tracked separately.	The pool observes relevant broad or family behavior but has no direct identity-specific discriminator.	Direct mono-versus-neighbor discriminator and empirical mono-color evidence
BANT	Bant	The reading can describe a central commander elevated by a 99 that still functions as a visible support network	Azorius Senate	Bant concentrates living communal support behind a central line; Azorius prioritizes procedure, preparation, and managed stability	C05 observes commander reliance and support structure, not Bant's certified public-honor or accountable-excellence context, and the boundary remains high-confusion	Exalted or Voltron support, creature-forward value, enchantress, blink, or protected boards	Visible champion plus supporting network	Voltron; midrange; enchantress; blink	Vorthos may enrich the honorable-community lens; never cause placement	Explore commanders whose 99 can still function while elevating a central piece	Certified dossier material gives a strong learning path around accountable excellence	Compare Bant with Azorius and Selesnya; open protected-champion Maze paths	YES	Bant treats excellence as honorable when it remains answerable to the whole.	docs/plans/vm551-gate-b1-placement-instrument/identity-coverage-matrix.tsv;docs/plans/vm551-gate-b1-placement-instrument/answer-signal-contracts.tsv	data/raw-factions/bant/bant.placement.json;data/raw-factions/bant/bant.profile.json;data/identity-layers.json;data/factions.json	data/raw-factions/azorius_senate/azorius_senate.placement.json;data/raw-factions/azorius_senate/azorius_senate.profile.json	CONTENT_READY	OBSERVABLE	MAPPING_HYPOTHESIS	The result package remains useful, distinct, source-backed, bounded, and complete; mapping evidence is tracked separately.	The pool contains at least one direct bounded boundary hypothesis; empirical mapping and false-positive evidence remain absent.	Validated C05 boundary evidence and false-positive data against Azorius, Witch, WUBRG, and Ink
BG	Golgari Swarm	The reading can explain a preference to reuse what died and make removal part of a recurring resource cycle	Witherbloom College	Golgari reuses the graveyard; Witherbloom treats life movement and exchange as the central material	The B1 directional association remains evidence-required even though the Atlas boundary is explicit	Recursion, self-mill, sacrifice, death triggers, and returning creatures	A lost permanent may still be a future resource	Recursion; aristocrats; midrange	Master Planner may enrich repeated reuse; Vorthos may enrich cycle-of-life meaning	Explore commanders that recur creatures or turn deaths into repeatable value	Atlas and certified identity records can teach the graveyard-versus-life boundary	Compare Golgari with Witherbloom; open graveyard-reuse Maze paths	NO	Golgari blends Black ambition with Green growth.	docs/plans/vm551-gate-b1-placement-instrument/identity-coverage-matrix.tsv;docs/plans/vm551-gate-b1-placement-instrument/answer-signal-contracts.tsv	data/raw-factions/golgari_swarm/golgari_swarm.placement.json;data/raw-factions/golgari_swarm/golgari_swarm.profile.json;data/identity-layers.json;data/factions.json	data/raw-factions/witherbloom/witherbloom.placement.json;data/raw-factions/witherbloom/witherbloom.profile.json	CONTENT_READY	OBSERVABLE	MAPPING_HYPOTHESIS	The result package remains useful, distinct, source-backed, bounded, and complete; mapping evidence is tracked separately.	The pool contains at least one direct bounded boundary hypothesis; empirical mapping and false-positive evidence remain absent.	Player validation of answer-to-identity direction; content explanation is ready
BR	Cult of Rakdos	The reading can explain visible threat, voluntary loss, and explosive momentum from risk or sacrifice	Prismari College	Rakdos converts loss and volatility into momentum; Prismari builds toward a dramatic spell performance	The pilot has no direct Rakdos discriminator and broad behavior can also describe Black or Red	Sacrifice, madness, discard, damage, forced combat, goad, and theatrical risk	A volatile board can still be a deliberate threat	Aggro; aristocrats; group slug; discard	Timmy/Tammy may explain desired spectacle; never infer it from volatility	Explore commanders that turn risk, discarded cards, or sacrificed pieces into pressure	Atlas lens can explain spectacle without equating chaos with randomness	Compare Rakdos with Black and Red; open sacrifice-pressure Maze paths	NO	Rakdos blends Black ambition with Red freedom.	docs/plans/vm551-gate-b1-placement-instrument/identity-coverage-matrix.tsv;docs/plans/vm551-gate-b1-placement-instrument/answer-signal-contracts.tsv	data/raw-factions/cult_of_rakdos/cult_of_rakdos.placement.json;data/raw-factions/cult_of_rakdos/cult_of_rakdos.profile.json;data/identity-layers.json;data/factions.json	data/raw-factions/prismari/prismari.placement.json;data/raw-factions/prismari/prismari.profile.json	CONTENT_READY	PARTIALLY_OBSERVABLE	MAPPING_HYPOTHESIS	The result package remains useful, distinct, source-backed, bounded, and complete; mapping evidence is tracked separately.	The pool observes relevant broad or family behavior but has no direct identity-specific discriminator.	Direct pilot discriminator is absent, but result explanation and discovery value are available
COLORLESS	Colorless	The reading can explain attraction to an imposed card-pool limitation as part of the deckbuilding challenge	Five-Color / WUBRG	Colorless begins with an imposed boundary: the available pool is already constrained, and solving within it is part of the challenge. Five-Color preserves broad access first and then chooses its boundary	This boundary remains unvalidated. A preference for restrictions does not by itself establish Colorless, and the reading must not infer artifacts, Eldrazi, big mana, combo, complexity, or difficulty	A Commander whose available card pool creates a limitation the player actively wants to solve; no card type or archetype is implied	The card-pool limitation is visible, but it does not reveal how the deck will behave at the table	Constraint-led builds; no archetype inferred	System Architect may enrich constraint-solving only after placement	Compare the same desired play pattern under different available card pools before exploring a Colorless Commander	Certified Colorless records can teach absence-of-color constraints and non-equivalence to generic artifacts	Compare Colorless with WUBRG and the same play pattern in a colored identity	YES	Colorless explores what remains when the five colors are not the grammar of the answer.	docs/plans/vm551-gate-b1-placement-instrument/identity-coverage-matrix.tsv;docs/plans/vm551-gate-b1-placement-instrument/answer-signal-contracts.tsv	data/raw-factions/colorless/colorless.placement.json;data/raw-factions/colorless/colorless.profile.json;data/identity-layers.json;data/factions.json	data/raw-factions/wubrg/wubrg.placement.json;data/raw-factions/wubrg/wubrg.profile.json	CONTENT_READY	OBSERVABLE	MAPPING_HYPOTHESIS	The result package remains useful, distinct, source-backed, bounded, and complete; mapping evidence is tracked separately.	The pool contains at least one direct bounded boundary hypothesis; empirical mapping and false-positive evidence remain absent.	Independent behavioral evidence beyond liking an imposed limitation, plus player validation against broad-access decks with self-chosen restrictions
DUNE	Dune / Aggression	The reading can explain a visible shared front, public commitment, and pressure that asks the table to answer now	Ink / Altruism	Dune coordinates immediate pressure; Ink preserves shared access or broad benefit	The direct four-color association is evidence-required and the public labels are Vox Mana expressions, not official factions	Combat pressure, goad, shared attack incentives, or aggressive multicolor coordination	A public front may attract archenemy attention even when it benefits others	Aggro; midrange; political combat	Social Negotiator may enrich finite coordination, not determine Dune	Explore commanders that turn multicolor breadth into an immediate visible push	Certified four-color dossier can teach the non-Blue pressure lane and its false-positive boundaries	Compare Dune with Ink and Naya; open public-pressure Maze paths	YES	Dune believes presence should claim ground before detached contemplation can cool the moment.	docs/plans/vm551-gate-b1-placement-instrument/identity-coverage-matrix.tsv;docs/plans/vm551-gate-b1-placement-instrument/answer-signal-contracts.tsv	data/raw-factions/dune/dune.placement.json;data/raw-factions/dune/dune.profile.json;data/identity-layers.json;data/factions.json	data/raw-factions/ink/ink.placement.json;data/raw-factions/ink/ink.profile.json	CONTENT_READY	OBSERVABLE	MAPPING_HYPOTHESIS	The result package remains useful, distinct, source-backed, bounded, and complete; mapping evidence is tracked separately.	The pool contains at least one direct bounded boundary hypothesis; empirical mapping and false-positive evidence remain absent.	Player evidence for Dune/Ink distinction and public comprehension of the expression name
ESPER	Esper	The reading can describe using new information to choose a specific route, then supporting it with held interaction and a designed engine	Azorius Senate	Esper's structural hypothesis combines information-to-plan consolidation, organized engine structure, and timed interaction; Azorius centers public procedure and managed stability	C16, C06, and C08 now make the boundary structurally observable, but their Esper association remains unvalidated and generic control, combo, toolbox, and artifact decks remain false positives	Control or artifact-oriented decks where information and structure feed a named closing plan	Hidden inevitability may matter more than visible board size	Control; engine-control; artifacts; combo	System Architect may enrich mechanism coherence after placement	Explore commanders that make interaction feed a repeatable advantage system with an explicit finish	Certified dossier material can teach engineered inevitability if the placement boundary is made honest	Compare Esper with Azorius, Dimir, and Yore; open control-to-engine Maze paths	YES	Esper treats potential as a design problem.	docs/plans/vm551-gate-b1-placement-instrument/identity-coverage-matrix.tsv;docs/plans/vm551-gate-b1-placement-instrument/answer-signal-contracts.tsv	data/raw-factions/esper/esper.placement.json;data/raw-factions/esper/esper.profile.json;data/identity-layers.json;data/factions.json	data/raw-factions/azorius_senate/azorius_senate.placement.json;data/raw-factions/azorius_senate/azorius_senate.profile.json	CONTENT_READY	OBSERVABLE	MAPPING_HYPOTHESIS	The result package remains useful, distinct, source-backed, bounded, and complete; mapping evidence is tracked separately.	C16 now observes information-to-plan conversion; C06 and C08 separately observe structure and interaction timing. Together they provide structural coverage without validating the Esper association.	Eligible player evidence that information-to-plan consolidation plus independent structure and interaction observations distinguish Esper from Blue, Black, Azorius, Dimir, Grixis, Jeskai, and generic control/combo/toolbox patterns
G	Green	The reading can explain preference for growth, recovery, setup, and theme-coherent creature or land development	Naya	Green should explore one color's growth and interdependence; Naya should add visible awe and combat expression	Broad constructs do not establish mono-Green or separate it from Simic/Quandrix growth	Ramp, lands, creatures, counters, tokens, recursion, or combat	Small resource pieces can represent large future trajectory	Ramp; stompy; landfall; tokens; midrange	Timmy/Tammy or Master Planner may enrich why growth is satisfying	Explore mono-Green commanders that translate mana or board growth into a clear finish	Certified mono identity can teach growth and interdependence without assuming simplicity	Compare Green with Naya, Simic, and Quandrix; open growth Maze paths	YES	Green believes the world is not an unsolved machine.	docs/plans/vm551-gate-b1-placement-instrument/identity-coverage-matrix.tsv;docs/plans/vm551-gate-b1-placement-instrument/answer-signal-contracts.tsv	data/raw-factions/green/green.placement.json;data/raw-factions/green/green.profile.json;data/identity-layers.json;data/factions.json	data/raw-factions/naya/naya.placement.json;data/raw-factions/naya/naya.profile.json	CONTENT_READY	PARTIALLY_OBSERVABLE	MAPPING_HYPOTHESIS	The result package remains useful, distinct, source-backed, bounded, and complete; mapping evidence is tracked separately.	The pool observes relevant broad or family behavior but has no direct identity-specific discriminator.	Direct mono-color discriminator and validated separation from multicolor growth identities
GLINT	Glint / Chaos	The reading can explain improvisational routes, shifting pressure angles, and adaptation to available pieces	Yore / Artifice	Glint redirects through changing pieces; Yore prefers an engineered repeatable sequence	The identity association is evidence-required and “chaos” can be misread as random play	Flexible multicolor engines, cascade, graveyard/toolbox pivots, or changing win routes	Uncertainty can conceal real threat rather than signal low power	Toolbox; combo; midrange; value	Johnny/Jenny may enrich expressive improvisation only by self-report	Explore commanders whose plan remains coherent while the route changes game to game	Certified four-color material can teach the non-White lane and distinguish improvisation from disorder	Compare Glint with Yore, Black, and Red; open variable-route Maze paths	YES	Glint believes the world should stay alive long enough to learn from pressure.	docs/plans/vm551-gate-b1-placement-instrument/identity-coverage-matrix.tsv;docs/plans/vm551-gate-b1-placement-instrument/answer-signal-contracts.tsv	data/raw-factions/glint/glint.placement.json;data/raw-factions/glint/glint.profile.json;data/identity-layers.json;data/factions.json	data/raw-factions/yore/yore.placement.json;data/raw-factions/yore/yore.profile.json	CONTENT_READY	OBSERVABLE	MAPPING_HYPOTHESIS	The result package remains useful, distinct, source-backed, bounded, and complete; mapping evidence is tracked separately.	The pool contains at least one direct bounded boundary hypothesis; empirical mapping and false-positive evidence remain absent.	Player comprehension of the Glint label and validated engineered/improvised boundary
GRIXIS	Grixis	The reading can explain acting through a precise opening when behind, using hidden resources and conversion	Dimir	Grixis should turn information and expendable resources into a decisive pivot; Dimir should preserve hidden control longer	High confusion remains, and the direct C01 item is not a validated identity discriminator	Spellslinger, reanimator, sacrifice, control-combo, or graveyard conversion	A quiet hand or graveyard may represent the real board	Control-combo; reanimator; spellslinger	Spike may enrich decision review; Johnny/Jenny may enrich unusual lines	Explore commanders that convert cards or graveyard resources through a timed opening	Certified dossier material offers strong Commander directions despite placement uncertainty	Compare Grixis with Dimir, Black, and Yore; open hidden-resource Maze paths	YES	Grixis treats survival as the first law.	docs/plans/vm551-gate-b1-placement-instrument/identity-coverage-matrix.tsv;docs/plans/vm551-gate-b1-placement-instrument/answer-signal-contracts.tsv	data/raw-factions/grixis/grixis.placement.json;data/raw-factions/grixis/grixis.profile.json;data/identity-layers.json;data/factions.json	data/raw-factions/house_dimir/house_dimir.placement.json;data/raw-factions/house_dimir/house_dimir.profile.json	CONTENT_READY	OBSERVABLE	MAPPING_HYPOTHESIS	The result package remains useful, distinct, source-backed, bounded, and complete; mapping evidence is tracked separately.	The pool contains at least one direct bounded boundary hypothesis; empirical mapping and false-positive evidence remain absent.	Independent observations separating Grixis from mono-Black and four-color conversion
INK	Ink / Altruism	The reading can describe keeping a shared resource available and protecting it from capture by one player	Dune / Aggression	Ink keeps a protected commons available across turns; Dune turns a public commitment into immediate coordinated pressure	The route can observe durable shared access, but it cannot establish generous motive or the full four-color missing-Black frame	Political or group-benefit decks that keep shared resources useful while retaining guardrails and an independent plan	Shared access is visible at the table; motive, fairness, and altruism are not	Political midrange; shared resources; protection; group benefit	Social Negotiator can enrich table mode but cannot validate altruism	Explore commanders that let resources circulate while preventing one player from capturing the entire benefit	Certified four-color material can teach the non-Black lane only if motive claims remain bounded	Compare Ink with Dune, White, and Selesnya; open shared-resource Maze paths	YES	Ink believes abundance should circulate through a defended commons rather than become private leverage.	docs/plans/vm551-gate-b1-placement-instrument/identity-coverage-matrix.tsv;docs/plans/vm551-gate-b1-placement-instrument/answer-signal-contracts.tsv	data/raw-factions/ink/ink.placement.json;data/raw-factions/ink/ink.profile.json;data/identity-layers.json;data/factions.json	data/raw-factions/dune/dune.placement.json;data/raw-factions/dune/dune.profile.json	CONTENT_READY	OBSERVABLE	MAPPING_HYPOTHESIS	The result package remains useful, distinct, source-backed, bounded, and complete; mapping evidence is tracked separately.	The pool contains at least one direct bounded boundary hypothesis; empirical mapping and false-positive evidence remain absent.	Player evidence that durable protected access distinguishes Ink from generic group benefit and from Dune's immediate coordinated pressure
JESKAI	Jeskai Way	The reading can describe advancing a threat while keeping a response for the opponent's decisive action	Boros Legion	Jeskai advances while preserving a response window; Boros commits more openly to present intervention and protection	C08 observes timing, but the same pattern appears in generic tempo, Azorius, and Izzet decks; one timing answer cannot establish Jeskai's disciplined-action context	Attack, prowess, or spellslinger decks that keep one meaningful response available while advancing	A modest attack plus open mana can represent both present pressure and a protected response window	Tempo; prowess; spellslinger; aggro-control	Mel may enrich timing elegance; never infer it from interaction	Explore commanders that reward acting now without spending every answer before the decisive opposing play	Certified dossier material can teach discipline, motion, and timing once the boundary is supported	Compare Jeskai with Boros, Izzet, and Azorius; open pressure-plus-answer Maze paths	YES	Jeskai treats action as something that should be trained before it is released.	docs/plans/vm551-gate-b1-placement-instrument/identity-coverage-matrix.tsv;docs/plans/vm551-gate-b1-placement-instrument/answer-signal-contracts.tsv	data/raw-factions/jeskai/jeskai.placement.json;data/raw-factions/jeskai/jeskai.profile.json;data/identity-layers.json;data/factions.json	data/raw-factions/boros_legion/boros_legion.placement.json;data/raw-factions/boros_legion/boros_legion.profile.json	CONTENT_READY	OBSERVABLE	MAPPING_HYPOTHESIS	The result package remains useful, distinct, source-backed, bounded, and complete; mapping evidence is tracked separately.	The pool contains at least one direct bounded boundary hypothesis; empirical mapping and false-positive evidence remain absent.	Player evidence that pressure-plus-response timing distinguishes Jeskai from generic tempo and its Boros, Azorius, and Izzet neighbors
JUND	Jund	The reading can explain proactive conversion of creatures or permanents into pressure and renewed resources	Golgari Swarm	Jund should convert loss into immediate momentum and pressure; Golgari should emphasize reuse and endurance	The pilot has no direct Jund discriminator and the same pattern can describe Rakdos or Black	Sacrifice, graveyard value, combat, tokens, lands, or aristocrats	The board can look expendable because it is fuel	Aristocrats; midrange; reanimator; aggro	Timmy/Tammy may enrich visceral pressure; not placement authority	Explore commanders that turn deaths or lands into a forward-moving threat	Certified shard material can teach predation and renewal without claiming every sacrifice deck is Jund	Compare Jund with Golgari, Rakdos, and Glint; open pressure-conversion Maze paths	YES	Jund treats feeling as a compass.	docs/plans/vm551-gate-b1-placement-instrument/identity-coverage-matrix.tsv;docs/plans/vm551-gate-b1-placement-instrument/answer-signal-contracts.tsv	data/raw-factions/jund/jund.placement.json;data/raw-factions/jund/jund.profile.json;data/identity-layers.json;data/factions.json	data/raw-factions/golgari_swarm/golgari_swarm.placement.json;data/raw-factions/golgari_swarm/golgari_swarm.profile.json	CONTENT_READY	PARTIALLY_OBSERVABLE	MAPPING_HYPOTHESIS	The result package remains useful, distinct, source-backed, bounded, and complete; mapping evidence is tracked separately.	The pool observes relevant broad or family behavior but has no direct identity-specific discriminator.	Direct Jund boundary observation and empirical false-positive evidence
LOREHOLD	Lorehold College	The reading can explain recovering value after removal and assembling present advantage from artifacts, Spirits, or the graveyard	Boros Legion	Lorehold recovers and investigates what has happened; Boros protects or intervenes to keep pressure now	The identity mapping is evidence-required and Atlas support is a setting/mechanical lens, not player evidence	Artifact recursion, Spirit value, graveyard recovery, history-themed midrange, or control	A graveyard or spent artifact can be active material rather than a failed board	Midrange; artifacts; recursion; control	Vorthos can enrich historical meaning if self-reported	Explore commanders that recover artifacts or Spirits and turn the past into a current plan	Atlas gives a clear same-color boundary and a useful learning route	Compare Lorehold with Boros; open artifact-and-graveyard Maze paths	NO	Lorehold overlays Red freedom and White order through history, artifacts, memory, rhetoric, spirits, and action through legacy.	docs/plans/vm551-gate-b1-placement-instrument/identity-coverage-matrix.tsv;docs/plans/vm551-gate-b1-placement-instrument/answer-signal-contracts.tsv	data/raw-factions/lorehold/lorehold.placement.json;data/raw-factions/lorehold/lorehold.profile.json;data/identity-layers.json;data/factions.json	data/raw-factions/boros_legion/boros_legion.placement.json;data/raw-factions/boros_legion/boros_legion.profile.json	CONTENT_READY	OBSERVABLE	MAPPING_HYPOTHESIS	The result package remains useful, distinct, source-backed, bounded, and complete; mapping evidence is tracked separately.	The pool contains at least one direct bounded boundary hypothesis; empirical mapping and false-positive evidence remain absent.	Player validation of the protection/recovery direction; result content is ready
MARDU	Mardu Horde	The reading can explain acting first, applying combat/resource pressure, and making short public commitments	Boros Legion	Mardu should combine decisive action with expendable resources or negotiated momentum; Boros should center organized direct intervention	The pilot has no direct Mardu discriminator and broad action constructs can overfit Red or White	Combat, tokens, sacrifice, equipment, aristocrats, or goad	Visible pressure and table commitments can make the deck a public focal point	Aggro; aristocrats; tokens; midrange	Social Negotiator may enrich short agreements; never determine Mardu	Explore commanders that turn coordinated attackers or sacrificed pieces into immediate advantage	Certified wedge material can teach action, honor, and ambition when caveats remain visible	Compare Mardu with Boros, Rakdos, and Dune; open decisive-pressure Maze paths	YES	Mardu treats identity as action under pressure.	docs/plans/vm551-gate-b1-placement-instrument/identity-coverage-matrix.tsv;docs/plans/vm551-gate-b1-placement-instrument/answer-signal-contracts.tsv	data/raw-factions/mardu/mardu.placement.json;data/raw-factions/mardu/mardu.profile.json;data/identity-layers.json;data/factions.json	data/raw-factions/boros_legion/boros_legion.placement.json;data/raw-factions/boros_legion/boros_legion.profile.json	CONTENT_READY	PARTIALLY_OBSERVABLE	MAPPING_HYPOTHESIS	The result package remains useful, distinct, source-backed, bounded, and complete; mapping evidence is tracked separately.	The pool observes relevant broad or family behavior but has no direct identity-specific discriminator.	Direct identity-specific observation and validated Mardu/Boros/Rakdos boundaries
NAYA	Naya	The reading can explain theme-loyal visible pressure and a board that embraces being the threat	Gruul Clans	Naya should add communal or awe-centered breadth to direct pressure; Gruul should center instinctive action and raw growth	The pilot has no direct Naya discriminator and it frequently confuses with mono colors and four-color expressions	Large creatures, tokens, typal combat, go-wide, or creature-based value	The threat is legible and must survive predictable attention	Aggro; stompy; tokens; midrange	Timmy/Tammy or Vorthos may enrich spectacle/theme only after placement	Explore commanders that turn a broad creature board into a timely finish	Certified shard material supports strong discovery language despite boundary uncertainty	Compare Naya with Gruul, Selesnya, and Dune; open creature-pressure Maze paths	YES	Naya treats life as belonging in a larger natural whole.	docs/plans/vm551-gate-b1-placement-instrument/identity-coverage-matrix.tsv;docs/plans/vm551-gate-b1-placement-instrument/answer-signal-contracts.tsv	data/raw-factions/naya/naya.placement.json;data/raw-factions/naya/naya.profile.json;data/identity-layers.json;data/factions.json	data/raw-factions/gruul_clans/gruul_clans.placement.json;data/raw-factions/gruul_clans/gruul_clans.profile.json	CONTENT_READY	PARTIALLY_OBSERVABLE	MAPPING_HYPOTHESIS	The result package remains useful, distinct, source-backed, bounded, and complete; mapping evidence is tracked separately.	The pool observes relevant broad or family behavior but has no direct identity-specific discriminator.	Direct Naya discriminator and evidence separating spectacle, theme, and combat identity
PRISMARI	Prismari College	The reading can explain building a spell-heavy deck toward one extraordinary presentation rather than repeated process	Izzet League	Prismari emphasizes the showcase payoff; Izzet emphasizes iterative experiments and spell volume	The B1 direction remains evidence-required and large spells do not prove an internal artistic motivation	Big spells, Treasure-fueled turns, X spells, copy effects, or dramatic spell payoffs	A quiet setup may be building toward a visible turn that changes the game	Spellslinger; big mana; combo	Timmy/Tammy or Johnny/Jenny may enrich why the showcase satisfies, never cause placement	Explore commanders that support expensive or dramatic spells with enough setup and recovery	Atlas gives a clear same-color boundary and a concrete growth tension	Compare Prismari with Izzet; open major-spell Maze paths	NO	Prismari overlays Blue knowledge and Red freedom through elemental art, spectacle, inspiration, creativity, and expressive mastery.	docs/plans/vm551-gate-b1-placement-instrument/identity-coverage-matrix.tsv;docs/plans/vm551-gate-b1-placement-instrument/answer-signal-contracts.tsv	data/raw-factions/prismari/prismari.placement.json;data/raw-factions/prismari/prismari.profile.json;data/identity-layers.json;data/factions.json	data/raw-factions/izzet_league/izzet_league.placement.json;data/raw-factions/izzet_league/izzet_league.profile.json	CONTENT_READY	OBSERVABLE	MAPPING_HYPOTHESIS	The result package remains useful, distinct, source-backed, bounded, and complete; mapping evidence is tracked separately.	The pool contains at least one direct bounded boundary hypothesis; empirical mapping and false-positive evidence remain absent.	Player validation of process/showcase direction; result content is ready
QUANDRIX	Quandrix College	The reading can explain preference for mathematical multiplication, X values, and explicit scaling structures	Simic Combine	Quandrix models and multiplies a system; Simic grows through organic adaptation and accumulation	The remediated C06 question observes engine concentration, not the Atlas's adaptation-versus-mathematics boundary; association remains evidence-required	Doubling, X spells, counters, tokens, fractals, or scaling engines	Exponential turns can become opaque before the visible board looks decisive	Engine; tokens; big mana; combo	System Architect or Master Planner may enrich process, never determine Quandrix	Explore commanders that make variable values or multiplication the deck's explicit challenge	Atlas provides a strong conceptual lens, but the pilot-result rationale must disclose the C06 mismatch risk	Compare Quandrix with Simic; open scaling-system Maze paths	NO	Quandrix overlays Green growth and Blue knowledge through mathematics, pattern, scale, nature as equation, and impossible geometry.	docs/plans/vm551-gate-b1-placement-instrument/identity-coverage-matrix.tsv;docs/plans/vm551-gate-b1-placement-instrument/answer-signal-contracts.tsv	data/raw-factions/quandrix/quandrix.placement.json;data/raw-factions/quandrix/quandrix.profile.json;data/identity-layers.json;data/factions.json	data/raw-factions/simic_combine/simic_combine.placement.json;data/raw-factions/simic_combine/simic_combine.profile.json	CONTENT_READY	OBSERVABLE	MAPPING_HYPOTHESIS	The result package remains useful, distinct, source-backed, bounded, and complete; mapping evidence is tracked separately.	The pool contains at least one direct bounded boundary hypothesis; empirical mapping and false-positive evidence remain absent.	Player evidence connecting approved C06 observation to this same-color distinction
R	Red	The reading can explain proactive action, concentrated payoff, and willingness to become a visible threat	Cult of Rakdos	Red should explore one color's speed and expression; Rakdos should add sacrifice, appetite, or volatility as a central engine	Broad constructs do not establish mono-Red or distinguish it from Jeskai/Naya confusion	Aggro, spellslinger, artifacts, impulse/exile value, chaos, or combo	Visible urgency can attract attention before resilience is known	Aggro; spellslinger; combo; artifacts	Timmy/Tammy or Johnny/Jenny may enrich why action is satisfying	Explore mono-Red commanders that turn timing or limited resources into a defined finish	Certified mono identity can teach freedom and action without equating Red with recklessness	Compare Red with Rakdos, Gruul, and Prismari; open proactive Maze paths	YES	Red believes feeling is a form of truth.	docs/plans/vm551-gate-b1-placement-instrument/identity-coverage-matrix.tsv;docs/plans/vm551-gate-b1-placement-instrument/answer-signal-contracts.tsv	data/raw-factions/red/red.placement.json;data/raw-factions/red/red.profile.json;data/identity-layers.json;data/factions.json	data/raw-factions/cult_of_rakdos/cult_of_rakdos.placement.json;data/raw-factions/cult_of_rakdos/cult_of_rakdos.profile.json	CONTENT_READY	PARTIALLY_OBSERVABLE	MAPPING_HYPOTHESIS	The result package remains useful, distinct, source-backed, bounded, and complete; mapping evidence is tracked separately.	The pool observes relevant broad or family behavior but has no direct identity-specific discriminator.	Direct mono discriminator and validated separation from multicolor proactive identities
RG	Gruul Clans	The reading can explain direct, legible combat pressure backed by growth and resistance to imposed restraint	Naya	Gruul centers instinctive direct growth; Naya adds a broader communal or awe-centered expression	The pilot has no direct Gruul discriminator, so the result must not reduce Gruul to “likes attacking”	Ramp, stompy, lands, trample, haste, or combat multipliers	A transparent plan needs haste, protection, resilience, or threat density	Aggro; stompy; landfall; midrange	Timmy/Tammy may enrich desired experience, never determine Gruul	Explore commanders that make direct creature pressure resilient enough for multiplayer	Atlas supplies concrete Commander expression and a useful transparency tension	Compare Gruul with Naya and Red; open direct-growth Maze paths	NO	Gruul blends Red directness with Green memory of place.	docs/plans/vm551-gate-b1-placement-instrument/identity-coverage-matrix.tsv;docs/plans/vm551-gate-b1-placement-instrument/answer-signal-contracts.tsv	data/raw-factions/gruul_clans/gruul_clans.placement.json;data/raw-factions/gruul_clans/gruul_clans.profile.json;data/identity-layers.json;data/factions.json	data/raw-factions/naya/naya.placement.json;data/raw-factions/naya/naya.profile.json	CONTENT_READY	PARTIALLY_OBSERVABLE	MAPPING_HYPOTHESIS	The result package remains useful, distinct, source-backed, bounded, and complete; mapping evidence is tracked separately.	The pool observes relevant broad or family behavior but has no direct identity-specific discriminator.	Direct pilot discriminator absent; explanation value remains strong
SILVERQUILL	Silverquill College	The reading can explain overt influence that changes current table behavior without binding later choices	Orzhov Syndicate	Silverquill changes behavior through expression and social pressure; Orzhov extracts through obligation and cost	The identity association remains evidence-required and persuasion must not be confused with coercion	Political aggression, counters, attack incentives, goad, or rhetoric-themed combat	Public influence can redirect action while creating reputation risk	Political aggro; counters; goad	Social Negotiator can enrich deal practice only after placement	Explore commanders that use incentives or counters to make opponents act now	Atlas gives a direct same-color boundary and an ethical tablecraft path	Compare Silverquill with Orzhov; open political-pressure Maze paths	NO	Silverquill overlays White leadership and Black pressure through eloquence, rhetoric, word magic, and visible social influence.	docs/plans/vm551-gate-b1-placement-instrument/identity-coverage-matrix.tsv;docs/plans/vm551-gate-b1-placement-instrument/answer-signal-contracts.tsv	data/raw-factions/silverquill/silverquill.placement.json;data/raw-factions/silverquill/silverquill.profile.json;data/identity-layers.json;data/factions.json	data/raw-factions/orzhov_syndicate/orzhov_syndicate.placement.json;data/raw-factions/orzhov_syndicate/orzhov_syndicate.profile.json	CONTENT_READY	OBSERVABLE	MAPPING_HYPOTHESIS	The result package remains useful, distinct, source-backed, bounded, and complete; mapping evidence is tracked separately.	The pool contains at least one direct bounded boundary hypothesis; empirical mapping and false-positive evidence remain absent.	Player validation of revisable-influence direction; result content is ready
SULTAI	Sultai Brood	The reading can explain flexible conversion of creatures, cards, life, and graveyard resources through a resilient engine	Golgari Swarm	Sultai should convert among several resource zones with planning; Golgari should center death and reuse more narrowly	High confusion remains and the exact resource-conversion prompt lacks direct player-language support	Self-mill, recursion, sacrifice, control, value engines, or graveyard combo	Several usable zones make a small battlefield misleading	Midrange-combo; reanimator; control; engine	System Architect may enrich cross-zone mechanism; not placement authority	Explore commanders that turn several resource zones into interchangeable fuel with clear recovery	Certified wedge dossier can teach resource mastery if the prompt evidence gap is stated	Compare Sultai with Golgari, Black, and Glint; open cross-zone Maze paths	YES	Sultai treats opportunity as material for power.	docs/plans/vm551-gate-b1-placement-instrument/identity-coverage-matrix.tsv;docs/plans/vm551-gate-b1-placement-instrument/answer-signal-contracts.tsv	data/raw-factions/sultai/sultai.placement.json;data/raw-factions/sultai/sultai.profile.json;data/identity-layers.json;data/factions.json	data/raw-factions/golgari_swarm/golgari_swarm.placement.json;data/raw-factions/golgari_swarm/golgari_swarm.profile.json	CONTENT_READY	OBSERVABLE	MAPPING_HYPOTHESIS	The result package remains useful, distinct, source-backed, bounded, and complete; mapping evidence is tracked separately.	The pool contains at least one direct bounded boundary hypothesis; empirical mapping and false-positive evidence remain absent.	Direct player support for the C12 split and validated boundary against generic graveyard decks
TEMUR	Temur Frontier	The reading can explain adapting to the board that exists while preserving a proactive creature or spell plan	Green	Temur should pivot through present resources and momentum; Green should center growth within a single color's tools	High confusion remains and adaptive play is common to many midrange decks	Creatures plus spells, ramp, flash, cascade, combat, or big-mana value	A changing line can still be coherent and threatening	Midrange; ramp; spellslinger; combat	Johnny/Jenny may enrich improvisation only through self-report	Explore commanders that reward changing sequence without abandoning the deck's primary action	Certified wedge material offers discovery value but not a unique B1 signature	Compare Temur with Green, Glint, and Prismari; open adaptive-action Maze paths	YES	Temur treats survival as relationship with terrain, instinct, memory, and the living world.	docs/plans/vm551-gate-b1-placement-instrument/identity-coverage-matrix.tsv;docs/plans/vm551-gate-b1-placement-instrument/answer-signal-contracts.tsv	data/raw-factions/temur/temur.placement.json;data/raw-factions/temur/temur.profile.json;data/identity-layers.json;data/factions.json	data/raw-factions/green/green.placement.json;data/raw-factions/green/green.profile.json	CONTENT_READY	OBSERVABLE	MAPPING_HYPOTHESIS	The result package remains useful, distinct, source-backed, bounded, and complete; mapping evidence is tracked separately.	The pool contains at least one direct bounded boundary hypothesis; empirical mapping and false-positive evidence remain absent.	Identity-specific observation separating Temur from generic flexible midrange
U	Blue	The reading can explain reserved resources, precise interaction windows, and preference for designed or flexible engines	Azorius Senate	Blue should explore one color's knowledge and timing; Azorius should add procedural stability and public order	Broad constructs do not establish mono-Blue and high confusion with multicolor control remains	Control, artifacts, spellslinger, tempo, theft, or combo	Open mana and hidden cards create threat-assessment burden	Control; tempo; spellslinger; combo	Mel may enrich elegance; Spike may enrich improvement, never cause placement	Explore mono-Blue commanders that use timing, cards, or artifacts to turn knowledge into a finish	Certified mono identity can teach preparation and refinement without diagnosing intellect	Compare Blue with Azorius, Dimir, and Quandrix; open timing Maze paths	YES	Blue believes no one is finished by default.	docs/plans/vm551-gate-b1-placement-instrument/identity-coverage-matrix.tsv;docs/plans/vm551-gate-b1-placement-instrument/answer-signal-contracts.tsv	data/raw-factions/blue/blue.placement.json;data/raw-factions/blue/blue.profile.json;data/identity-layers.json;data/factions.json	data/raw-factions/azorius_senate/azorius_senate.placement.json;data/raw-factions/azorius_senate/azorius_senate.profile.json	CONTENT_READY	PARTIALLY_OBSERVABLE	MAPPING_HYPOTHESIS	The result package remains useful, distinct, source-backed, bounded, and complete; mapping evidence is tracked separately.	The pool observes relevant broad or family behavior but has no direct identity-specific discriminator.	Direct mono discriminator and validated separation from multicolor knowledge identities
UB	House Dimir	The reading can explain comfort with hidden resources, uncertainty, and interaction after information becomes available	Blue	Dimir should use secrecy or information asymmetry as leverage; Blue should center knowledge and refinement without the same hidden-power emphasis	The pilot has no direct Dimir discriminator and hidden resources alone do not establish identity	Mill, evasion, theft, reanimation, hand disruption, or reactive control	Unknown plans attract suspicion and can be stronger than the visible board	Control; tempo; reanimator; mill	Social Negotiator may enrich information management only if self-reported	Explore commanders that turn hidden information or opponents' resources into advantage	Atlas supplies a clear table-perception tension and Commander directions	Compare Dimir with Blue and Grixis; open hidden-information Maze paths	NO	Dimir blends Blue knowledge with Black ambition.	docs/plans/vm551-gate-b1-placement-instrument/identity-coverage-matrix.tsv;docs/plans/vm551-gate-b1-placement-instrument/answer-signal-contracts.tsv	data/raw-factions/house_dimir/house_dimir.placement.json;data/raw-factions/house_dimir/house_dimir.profile.json;data/identity-layers.json;data/factions.json	data/raw-factions/blue/blue.placement.json;data/raw-factions/blue/blue.profile.json	CONTENT_READY	PARTIALLY_OBSERVABLE	MAPPING_HYPOTHESIS	The result package remains useful, distinct, source-backed, bounded, and complete; mapping evidence is tracked separately.	The pool observes relevant broad or family behavior but has no direct identity-specific discriminator.	Direct pilot discriminator absent; result explanation remains useful
UG	Simic Combine	The reading can explain an adaptive ecosystem of lands, counters, creatures, and overlapping value pieces	Quandrix College	Simic grows through organic adaptation and accumulation; Quandrix models discrete multiplication	The approved C06 association is evidence-required and does not directly test the Atlas's organic-versus-mathematical distinction	Lands, counters, evolving creatures, card draw, or overlapping creature engines	Incremental growth may already represent future inevitability	Midrange; ramp; counters; landfall	Master Planner may enrich trajectory after placement	Explore commanders whose board evolves through interacting creatures or lands rather than a single mathematical leap	Atlas gives a strong same-color boundary and threat-trajectory lesson	Compare Simic with Quandrix; open adaptive-growth Maze paths	NO	Simic studies life as living systems to heal, adapt, and improve through biology, clades, and public health.	docs/plans/vm551-gate-b1-placement-instrument/identity-coverage-matrix.tsv;docs/plans/vm551-gate-b1-placement-instrument/answer-signal-contracts.tsv	data/raw-factions/simic_combine/simic_combine.placement.json;data/raw-factions/simic_combine/simic_combine.profile.json;data/identity-layers.json;data/factions.json	data/raw-factions/quandrix/quandrix.placement.json;data/raw-factions/quandrix/quandrix.profile.json	CONTENT_READY	OBSERVABLE	MAPPING_HYPOTHESIS	The result package remains useful, distinct, source-backed, bounded, and complete; mapping evidence is tracked separately.	The pool contains at least one direct bounded boundary hypothesis; empirical mapping and false-positive evidence remain absent.	Player evidence connecting overlapping-engine observation to Simic rather than generic resilience
UR	Izzet League	The reading can explain satisfaction from repeated spell experiments, copies, triggers, and an engine that improves through process	Prismari College	Izzet values iterative process and spell volume; Prismari values the extraordinary presentation	Current B1 distinctiveness is insufficient and the directional association remains evidence-required	Spellslinger, copying, artifact engines, draw-discard, or storm-like sequences	Many small actions can conceal a decisive engine and create explanation burden	Spellslinger; combo; artifacts	Mel or Johnny/Jenny may enrich structure/expression only by self-report	Explore commanders that reward repeated casts or experiments and keep the sequence legible	Atlas gives a clear same-color boundary and a concrete process-versus-showcase lesson	Compare Izzet with Prismari; open iterative-spell Maze paths	NO	Izzet blends Blue knowledge with Red freedom.	docs/plans/vm551-gate-b1-placement-instrument/identity-coverage-matrix.tsv;docs/plans/vm551-gate-b1-placement-instrument/answer-signal-contracts.tsv	data/raw-factions/izzet_league/izzet_league.placement.json;data/raw-factions/izzet_league/izzet_league.profile.json;data/identity-layers.json;data/factions.json	data/raw-factions/prismari/prismari.placement.json;data/raw-factions/prismari/prismari.profile.json	CONTENT_READY	OBSERVABLE	MAPPING_HYPOTHESIS	The result package remains useful, distinct, source-backed, bounded, and complete; mapping evidence is tracked separately.	The pool contains at least one direct bounded boundary hypothesis; empirical mapping and false-positive evidence remain absent.	Player validation of C04 direction and stronger direct distinctiveness evidence
W	White	The reading can explain protection, stated commitments, and visible collective or rule-based pressure	Azorius Senate	White should explore one color's protection and duty; Azorius should add planning and procedure as the central method	Broad constructs do not establish mono-White and confusion spans several multicolor identities	Tokens, protection, equipment, taxes, recursion, or rule-setting	Public rules and boards make both protection and threat visible	Tokens; control; aggro; equipment	Social Negotiator or Vorthos may enrich table/theme context only after placement	Explore mono-White commanders that turn protection or shared structure into a clear game plan	Certified mono identity can teach order and responsibility without moral ranking	Compare White with Azorius, Selesnya, and Bant; open protection Maze paths	YES	White believes peace is not a mood.	docs/plans/vm551-gate-b1-placement-instrument/identity-coverage-matrix.tsv;docs/plans/vm551-gate-b1-placement-instrument/answer-signal-contracts.tsv	data/raw-factions/white/white.placement.json;data/raw-factions/white/white.profile.json;data/identity-layers.json;data/factions.json	data/raw-factions/azorius_senate/azorius_senate.placement.json;data/raw-factions/azorius_senate/azorius_senate.profile.json	CONTENT_READY	PARTIALLY_OBSERVABLE	MAPPING_HYPOTHESIS	The result package remains useful, distinct, source-backed, bounded, and complete; mapping evidence is tracked separately.	The pool observes relevant broad or family behavior but has no direct identity-specific discriminator.	Direct mono discriminator and empirical separation from multicolor order identities
WB	Orzhov Syndicate	The reading can explain clear obligations, costs, and incremental extraction that remain legible after the deal	Silverquill College	Orzhov binds through cost and obligation; Silverquill changes immediate behavior through expression	The directional association remains evidence-required and political behavior alone cannot establish Orzhov	Taxes, drain, aristocrats, sacrifice, recursion, or debt-themed value	Small repeated costs can become the real table threat	Aristocrats; control; midrange	Social Negotiator may enrich agreements but not extraction identity	Explore commanders that make payment, death, or obligation feed a cumulative plan	Atlas gives a strong same-color distinction and a useful “make accumulation visible” lesson	Compare Orzhov with Silverquill; open obligation-and-drain Maze paths	NO	Orzhov blends White structure with Black ambition.	docs/plans/vm551-gate-b1-placement-instrument/identity-coverage-matrix.tsv;docs/plans/vm551-gate-b1-placement-instrument/answer-signal-contracts.tsv	data/raw-factions/orzhov_syndicate/orzhov_syndicate.placement.json;data/raw-factions/orzhov_syndicate/orzhov_syndicate.profile.json;data/identity-layers.json;data/factions.json	data/raw-factions/silverquill/silverquill.placement.json;data/raw-factions/silverquill/silverquill.profile.json	CONTENT_READY	OBSERVABLE	MAPPING_HYPOTHESIS	The result package remains useful, distinct, source-backed, bounded, and complete; mapping evidence is tracked separately.	The pool contains at least one direct bounded boundary hypothesis; empirical mapping and false-positive evidence remain absent.	Player validation of cost-bearing-terms direction; result content is ready
WG	Selesnya Conclave	The reading can explain strength built through a network of creatures, tokens, counters, or enchantments	Naya	Selesnya centers collective growth and interdependence; Naya adds awe, scale, and more direct visible pressure	The pilot has no direct Selesnya discriminator and a Green-White Voltron deck can invert the collective pattern	Tokens, counters, enchantments, convoke, anthems, or go-wide	A broad board can look dangerous before it has closure and is vulnerable to wipes	Tokens; enchantress; midrange; aggro	Vorthos may enrich community meaning only by self-report	Explore commanders that reward a distributed board and include recovery plus a finish	Atlas provides clear Commander expression and a useful overcommitment tension	Compare Selesnya with Naya and Bant; open network-growth Maze paths	NO	Selesnya blends Green growth with White order.	docs/plans/vm551-gate-b1-placement-instrument/identity-coverage-matrix.tsv;docs/plans/vm551-gate-b1-placement-instrument/answer-signal-contracts.tsv	data/raw-factions/selesnya_conclave/selesnya_conclave.placement.json;data/raw-factions/selesnya_conclave/selesnya_conclave.profile.json;data/identity-layers.json;data/factions.json	data/raw-factions/naya/naya.placement.json;data/raw-factions/naya/naya.profile.json	CONTENT_READY	PARTIALLY_OBSERVABLE	MAPPING_HYPOTHESIS	The result package remains useful, distinct, source-backed, bounded, and complete; mapping evidence is tracked separately.	The pool observes relevant broad or family behavior but has no direct identity-specific discriminator.	Direct pilot discriminator absent; result explanation remains useful
WITCH	Witch / Growth	The reading can explain a long setup and one central engine that compounds resources across turns	Abzan Houses	Witch should emphasize compounding trajectory; Abzan should emphasize durable protection and recovery	The four-color association is evidence-required and a central value engine is not unique to Witch	Counters, lands, tokens, enchantments, or value engines across four colors	Quiet setup can represent future inevitability and archenemy risk	Engine; midrange; combo	Master Planner may enrich long-horizon satisfaction after placement	Explore commanders whose non-Red breadth supports a central growing system and early stabilization	Certified four-color dossier can teach the non-Red growth lane if value-generic claims are avoided	Compare Witch with Abzan, Bant, and Quandrix; open compounding-growth Maze paths	YES	Witch believes the future should be cultivated before it is claimed.	docs/plans/vm551-gate-b1-placement-instrument/identity-coverage-matrix.tsv;docs/plans/vm551-gate-b1-placement-instrument/answer-signal-contracts.tsv	data/raw-factions/witch/witch.placement.json;data/raw-factions/witch/witch.profile.json;data/identity-layers.json;data/factions.json	data/raw-factions/abzan/abzan.placement.json;data/raw-factions/abzan/abzan.profile.json	CONTENT_READY	OBSERVABLE	MAPPING_HYPOTHESIS	The result package remains useful, distinct, source-backed, bounded, and complete; mapping evidence is tracked separately.	The pool contains at least one direct bounded boundary hypothesis; empirical mapping and false-positive evidence remain absent.	Validated identity-specific boundary and comprehension of the Witch expression name
WITHERBLOOM	Witherbloom College	The reading can explain treating life gain, life payment, pests, and sacrifice as material to transform	Golgari Swarm	Witherbloom moves life as a resource; Golgari reuses what died through the graveyard	The directional association remains evidence-required and sacrifice alone is shared by both identities	Life gain/loss, pests, sacrifice, drain, tokens, or resource exchange	Life total movement may be an engine rather than merely defense	Aristocrats; lifegain; midrange	System Architect may enrich conversion; never determine Witherbloom	Explore commanders that repeatedly spend and regain life for a defined output	Atlas gives a strong same-color distinction and a practical resource-tracking lesson	Compare Witherbloom with Golgari; open life-conversion Maze paths	NO	Witherbloom overlays Black ambition and Green growth through life-death craft, medicine, decay, nourishment, pests, and resource exchange.	docs/plans/vm551-gate-b1-placement-instrument/identity-coverage-matrix.tsv;docs/plans/vm551-gate-b1-placement-instrument/answer-signal-contracts.tsv	data/raw-factions/witherbloom/witherbloom.placement.json;data/raw-factions/witherbloom/witherbloom.profile.json;data/identity-layers.json;data/factions.json	data/raw-factions/golgari_swarm/golgari_swarm.placement.json;data/raw-factions/golgari_swarm/golgari_swarm.profile.json	CONTENT_READY	OBSERVABLE	MAPPING_HYPOTHESIS	The result package remains useful, distinct, source-backed, bounded, and complete; mapping evidence is tracked separately.	The pool contains at least one direct bounded boundary hypothesis; empirical mapping and false-positive evidence remain absent.	Player validation of exchange direction; result content is ready
WR	Boros Legion	The reading can explain organized direct intervention, visible combat pressure, and protecting the present line	Lorehold College	Boros acts now through organized force; Lorehold recovers and learns from what already happened	The directional association remains evidence-required and protection can appear in many identities	Combat, equipment, attack triggers, tokens, protection, or extra combats	A transparent plan needs resilience and a post-wipe route	Aggro; Voltron; tokens	Spike may enrich disciplined improvement; never make combat proof of motivation	Explore commanders that turn coordinated attacks or equipment into sustained pressure	Atlas gives a clear same-color boundary and a useful recovery tension	Compare Boros with Lorehold; open direct-intervention Maze paths	NO	Boros blends Red freedom with White order.	docs/plans/vm551-gate-b1-placement-instrument/identity-coverage-matrix.tsv;docs/plans/vm551-gate-b1-placement-instrument/answer-signal-contracts.tsv	data/raw-factions/boros_legion/boros_legion.placement.json;data/raw-factions/boros_legion/boros_legion.profile.json;data/identity-layers.json;data/factions.json	data/raw-factions/lorehold/lorehold.placement.json;data/raw-factions/lorehold/lorehold.profile.json	CONTENT_READY	OBSERVABLE	MAPPING_HYPOTHESIS	The result package remains useful, distinct, source-backed, bounded, and complete; mapping evidence is tracked separately.	The pool contains at least one direct bounded boundary hypothesis; empirical mapping and false-positive evidence remain absent.	Player validation of protection/recovery direction; result content is ready
WU	Azorius Senate	The reading can explain holding interaction, maintaining explicit commitments, and converting stability into a patient finish	Bant	Azorius centers procedure and controlled balance; Bant centers visible communal support behind a worthy line	The pilot has no direct Azorius discriminator and open mana alone does not establish identity	Control, taxes, blink, protective value, or patient win conditions	Repeated denial without a close can feel like delay rather than control	Control; blink; tempo	Mel may enrich procedural elegance only after placement	Explore commanders that reward precise timing and make the closing plan explicit	Atlas supplies a strong identity lens and an actionable “stability must convert” lesson	Compare Azorius with Bant, Blue, and White; open stability-and-timing Maze paths	NO	Azorius blends White order with Blue planning.	docs/plans/vm551-gate-b1-placement-instrument/identity-coverage-matrix.tsv;docs/plans/vm551-gate-b1-placement-instrument/answer-signal-contracts.tsv	data/raw-factions/azorius_senate/azorius_senate.placement.json;data/raw-factions/azorius_senate/azorius_senate.profile.json;data/identity-layers.json;data/factions.json	data/raw-factions/bant/bant.placement.json;data/raw-factions/bant/bant.profile.json	CONTENT_READY	PARTIALLY_OBSERVABLE	MAPPING_HYPOTHESIS	The result package remains useful, distinct, source-backed, bounded, and complete; mapping evidence is tracked separately.	The pool observes relevant broad or family behavior but has no direct identity-specific discriminator.	Direct pilot discriminator absent; result explanation remains useful
WUBRG	Five-Color / WUBRG	The reading can explain wanting the full color palette available before choosing a unifying theme, mechanic, collection, or rule	Colorless	Five-Color begins with a self-chosen boundary: broad access is preserved first, then the builder chooses the theme, mechanic, collection, or rule. Colorless starts from an imposed boundary	This boundary remains unvalidated. Broad access does not imply playing everything, goodstuff, complexity, power, optimization, or an unwillingness to use severe self-chosen restrictions	A five-color Commander whose full palette serves one declared concept, including theme-, mechanic-, typal-, collection-, or favorite-card-led builds	Broad access does not reveal the plan; the chosen concept still needs to make the deck legible	Theme-led; mechanic-led; typal; toolbox; no power level inferred	Johnny/Jenny or Vorthos may enrich the reason for breadth only by self-report	Explore five-color commanders only when the full palette serves a stated concept or chosen rule rather than standing in for one	Certified WUBRG material can teach totality versus overload and prevent “all colors means no position”	Compare WUBRG with Colorless and the same play pattern in fewer colors	YES	Five-Color asks what happens when every color is allowed to speak without any one color becoming the whole answer.	docs/plans/vm551-gate-b1-placement-instrument/identity-coverage-matrix.tsv;docs/plans/vm551-gate-b1-placement-instrument/answer-signal-contracts.tsv	data/raw-factions/wubrg/wubrg.placement.json;data/raw-factions/wubrg/wubrg.profile.json;data/identity-layers.json;data/factions.json	data/raw-factions/colorless/colorless.placement.json;data/raw-factions/colorless/colorless.profile.json	CONTENT_READY	OBSERVABLE	MAPPING_HYPOTHESIS	The result package remains useful, distinct, source-backed, bounded, and complete; mapping evidence is tracked separately.	The pool contains at least one direct bounded boundary hypothesis; empirical mapping and false-positive evidence remain absent.	Independent behavioral support beyond preserving broad access, plus player validation against narrower pools and self-restricted five-color decks
YORE	Yore / Artifice	The reading can describe a repeatable conversion system built from replaceable pieces	Glint / Chaos	Yore's certified context centers constructed agency that rebuilds around natural limits; Glint centers adaptive living volatility. Stable architecture versus a changing route only approximates that boundary	C06 and C09 observe engine structure and repeatability, not Yore's full constructed-agency or missing-Green frame; generic artifacts and combo remain false positives	Artifact, recursion, or conversion decks where replaceable parts keep a constructed system operating	A repeatable machine can look inevitable, but engine legibility does not establish why the player wants it	Artifacts; recursion; engine-combo; conversion	System Architect may enrich mechanism coherence after placement	Explore commanders that rebuild a conversion system through replaceable parts while keeping the closing line explainable	Certified four-color material supports discovery but not yet a defensible placement explanation	Compare Yore with Glint, Esper, and Black; open artifact-conversion Maze paths	YES	Yore believes the given world is not the final world.	docs/plans/vm551-gate-b1-placement-instrument/identity-coverage-matrix.tsv;docs/plans/vm551-gate-b1-placement-instrument/answer-signal-contracts.tsv	data/raw-factions/yore/yore.placement.json;data/raw-factions/yore/yore.profile.json;data/identity-layers.json;data/factions.json	data/raw-factions/glint/glint.placement.json;data/raw-factions/glint/glint.profile.json	CONTENT_READY	NOT_CLEANLY_OBSERVABLE	MAPPING_HYPOTHESIS	The result package remains useful, distinct, source-backed, bounded, and complete; mapping evidence is tracked separately.	C06/C09 observe engine structure and repeatability, but behavior does not establish Yore's constructed-agency identity lens; guarded self-report remains a separate evidence class.	An approved B1 observation of constructed agency against natural limits, plus evidence separating Yore from generic artifact and combo engines
