record_id	question_id	answer_id	change_type	construct_id	documented_gaps	behavioral_observation	naming_role	false_positive_analysis	exclusions	novice_comprehension	routing_eligibility	change_reason	evidence_provenance	status
IC-Q-001	b1.hall.commitment.v1		MATERIALLY_REFINED	C13	W;WU;WG;ABZAN;MARDU;BANT;WB;SILVERQUILL;INK;WUBRG	How a public agreement should persist or change after the board changes.	Question supplies only bounded observations; identity-specific naming is authorized per answer and still requires an independent dependency and construct.	The scenario remains reusable across identities; no mechanic, faction, color, moral quality, or obviously desirable option is treated as sufficient proof.	Do not ask when the player lacks a recognizable table-agreement context or DG_C13 is already observed; a deal preference cannot name an identity alone.	Repeatable means a card or engine that can create the same threat again if the table leaves it in place.	Ask when public procedure, shared access, durable obligation, bounded coordination, or revisable influence separates the live frontier.	Materially rewritten from a generic deal-duration item because VM-555 found it could not separate procedure, commons, obligation, coordination, and revisable influence.	E-VM555;E-CERTIFIED;E-CECOS;E-PLAYER-LANGUAGE	MAPPING_HYPOTHESIS
IC-Q-002	b1.hall.pressure.v1		MATERIALLY_REFINED	C07	R;BR;RG;JUND;NAYA;MARDU;WR;DUNE;PRISMARI;WU;WB;UR;COLORLESS	The channel through which the player wants to turn one opening into progress toward ending the game.	Question supplies only bounded observations; identity-specific naming is authorized per answer and still requires an independent dependency and construct.	The scenario remains reusable across identities; no mechanic, faction, color, moral quality, or obviously desirable option is treated as sufficient proof.	Do not ask after DG_C07 is observed; combat, a large turn, or a noncombat engine never establishes identity by itself.	Uses direct Commander turn, board, card, mana, or deck-revision language without unexplained archetype terms.	Ask when live candidates agree on proactive play but differ in coordinated, embodied, abundant, burst, restrictive, or engine pressure.	Materially rewritten because the former three-channel item collapsed distinct combat and visible-payoff boundaries needed by VM-555.	E-VM555;E-CERTIFIED;E-CECOS;E-PLAYER-LANGUAGE	MAPPING_HYPOTHESIS
IC-Q-003	b1.hall.engine-shape.v1		MATERIALLY_REFINED	C06	U;UB;UR;BG;LOREHOLD;QUANDRIX;WITHERBLOOM;SULTAI;COLORLESS;WUBRG;ESPER	Whether revision preserves one central engine, replaces functions, overlaps modules, or preserves purpose while changing tools.	Question supplies only bounded observations; identity-specific naming is authorized per answer and still requires an independent dependency and construct.	The scenario remains reusable across identities; no mechanic, faction, color, moral quality, or obviously desirable option is treated as sufficient proof.	Do not ask after another C06 observation; artifacts, machinery, redundancy, or toolbox play cannot establish Colorless or Yore.	An engine is a repeatable set of cards whose pieces create more value together than they do alone.	Ask when engine structure remains a live separator and DG_C06 has not been observed.	Materially rewritten because deck-revision context and a stable-purpose/flexible-tool option close more C06 corroboration gaps without adding a second C06 dependency.	E-VM555;E-CERTIFIED;E-CECOS;E-PLAYER-LANGUAGE	MAPPING_HYPOTHESIS
IC-Q-004	b1.hall.interaction-window.v1		MATERIALLY_REFINED	C08	U;UB;WU;W;UR;JESKAI	The commitment point at which hidden information becomes sufficient to spend a held answer.	Question supplies only bounded observations; identity-specific naming is authorized per answer and still requires an independent dependency and construct.	The scenario remains reusable across identities; no mechanic, faction, color, moral quality, or obviously desirable option is treated as sufficient proof.	Do not ask after another C08 observation; waiting, prevention, or split mana alone cannot establish a color or faction.	Uses direct Commander turn, board, card, mana, or deck-revision language without unexplained archetype terms.	Ask when information use and interaction timing separate the live frontier and DG_C08 has not been observed.	Narrowly refined to the VM-555 commitment-window scenario and given a split line; it remains one C08 observation rather than a stackable third timing item.	E-VM555;E-CERTIFIED;E-CECOS;E-PLAYER-LANGUAGE	MAPPING_HYPOTHESIS
IC-Q-005	b1.hall.setup.v1		MATERIALLY_REFINED	C14	G;WG;ABZAN;NAYA;BG;QUANDRIX;WITHERBLOOM;BANT;TEMUR;GLINT;INK;WITCH;UG	What contribution a longer development plan must make while the current table continues to move.	Question supplies only bounded observations; identity-specific naming is authorized per answer and still requires an independent dependency and construct.	The scenario remains reusable across identities; no mechanic, faction, color, moral quality, or obviously desirable option is treated as sufficient proof.	Do not ask after another C14 observation; long setup, early help, or incremental value cannot establish an identity alone.	Setup means the turns and cards a plan needs before it can produce its main payoff.	Ask when development horizon separates the live frontier and DG_C14 has not been observed.	Materially rewritten because the former duration preference did not observe whether setup participates in the current game or yields to the board.	E-VM555;E-CERTIFIED;E-CECOS;E-PLAYER-LANGUAGE	MAPPING_HYPOTHESIS
IC-Q-006	b1.crucible.disruption-boundary.v1		ADDED	C03	B;G;R;RG;BG;LOREHOLD;WITHERBLOOM;SULTAI;TEMUR;GLINT;ESPER	The first response chosen after a central plan is removed while other board resources remain.	Question supplies only bounded observations; identity-specific naming is authorized per answer and still requires an independent dependency and construct.	The scenario remains reusable across identities; no mechanic, faction, color, moral quality, or obviously desirable option is treated as sufficient proof.	Do not count independently from Gate C03; do not ask merely to add evidence or when another eligible question separates the frontier better.	Uses direct Commander turn, board, card, mana, or deck-revision language without unexplained archetype terms.	Ask only when disruption response is the highest-value unresolved boundary and DG_C03 detail can change the responsible result.	Net-new targeted C03 item retained because B lacks an identity-specific behavioral trigger and G/RG disruption adaptation cannot be observed by the fixed broad Gate answer alone.	E-VM555;E-CERTIFIED;E-CECOS;E-PLAYER-LANGUAGE	MAPPING_HYPOTHESIS
IC-A-007	b1.hall.commitment.v1	b1.hall.commitment.v1.procedure	RETAINED_OR_ADDED_CONTRACT	C13	W;WU	Prefers public procedural consistency after circumstances change.	Identity-specific trigger only for W;WU; no score bonus and no standalone naming.	Public consistency can be chosen for convenience, fairness, threat management, or social comfort; it requires independent evidence.	Procedure alone does not establish White, Azorius, or Bant; private advantage and experience with table agreements remain separate.	Plain title plus one behavioral sentence; no color, faction, archetype, or identity slogan appears.	Ask when public procedure, shared access, durable obligation, bounded coordination, or revisable influence separates the live frontier.	Materially rewritten from a generic deal-duration item because VM-555 found it could not separate procedure, commons, obligation, coordination, and revisable influence.	E-VM555;E-CERTIFIED;E-CECOS;E-PLAYER-LANGUAGE	MAPPING_HYPOTHESIS
IC-A-008	b1.hall.commitment.v1	b1.hall.commitment.v1.access	RETAINED_OR_ADDED_CONTRACT	C13	WG;BANT;WUBRG	Prefers protecting a shared resource or opportunity after circumstances change.	Identity-specific trigger only for WG; no score bonus and no standalone naming.	A player may preserve access for tactical benefit, generosity, politics, or theme; independent evidence is required.	Shared access does not establish Selesnya, Ink, Bant, or WUBRG; helping the table is not identity proof.	Plain title plus one behavioral sentence; no color, faction, archetype, or identity slogan appears.	Ask when public procedure, shared access, durable obligation, bounded coordination, or revisable influence separates the live frontier.	Materially rewritten from a generic deal-duration item because VM-555 found it could not separate procedure, commons, obligation, coordination, and revisable influence.	E-VM555;E-CERTIFIED;E-CECOS;E-PLAYER-LANGUAGE	MAPPING_HYPOTHESIS
IC-A-009	b1.hall.commitment.v1	b1.hall.commitment.v1.terms	RETAINED_OR_ADDED_CONTRACT	C13	ABZAN	Prefers durable obligation despite a changed immediate advantage.	Identity-specific trigger only for ABZAN; no score bonus and no standalone naming.	Deal-keeping can reflect reputation management or table norms rather than durable-obligation preference.	Keeping a deal does not establish Orzhov, Abzan, or moral character.	Plain title plus one behavioral sentence; no color, faction, archetype, or identity slogan appears.	Ask when public procedure, shared access, durable obligation, bounded coordination, or revisable influence separates the live frontier.	Materially rewritten from a generic deal-duration item because VM-555 found it could not separate procedure, commons, obligation, coordination, and revisable influence.	E-VM555;E-CERTIFIED;E-CECOS;E-PLAYER-LANGUAGE	MAPPING_HYPOTHESIS
IC-A-010	b1.hall.commitment.v1	b1.hall.commitment.v1.short	RETAINED_OR_ADDED_CONTRACT	C13	MARDU;WR;DUNE	Prefers bounded coordination tied to the present opening.	Identity-specific trigger only for MARDU; no score bonus and no standalone naming.	A short deal may be tactically obvious rather than an enduring behavioral preference.	Short coordination does not establish Boros, Mardu, Dune, or combat preference.	Plain title plus one behavioral sentence; no color, faction, archetype, or identity slogan appears.	Ask when public procedure, shared access, durable obligation, bounded coordination, or revisable influence separates the live frontier.	Materially rewritten from a generic deal-duration item because VM-555 found it could not separate procedure, commons, obligation, coordination, and revisable influence.	E-VM555;E-CERTIFIED;E-CECOS;E-PLAYER-LANGUAGE	MAPPING_HYPOTHESIS
IC-A-011	b1.hall.commitment.v1	b1.hall.commitment.v1.reopen	RETAINED_OR_ADDED_CONTRACT	C13	SILVERQUILL	Prefers revisable present influence over a binding future commitment.	Corroborating directional observation only; never a naming trigger.	Players may reopen a deal because it became impossible, not because they prefer revisable influence.	Revisability alone does not establish Silverquill, political skill, or selfishness.	Plain title plus one behavioral sentence; no color, faction, archetype, or identity slogan appears.	Ask when public procedure, shared access, durable obligation, bounded coordination, or revisable influence separates the live frontier.	Materially rewritten from a generic deal-duration item because VM-555 found it could not separate procedure, commons, obligation, coordination, and revisable influence.	E-VM555;E-CERTIFIED;E-CECOS;E-PLAYER-LANGUAGE	MAPPING_HYPOTHESIS
IC-A-012	b1.hall.pressure.v1	b1.hall.pressure.v1.coordinate	RETAINED_OR_ADDED_CONTRACT	C07	WR;DUNE;MARDU	Prefers formation-based combat pressure during a shared opening.	Corroborating directional observation only; never a naming trigger.	The tactically strongest attack may look coordinated without reflecting a stable preference.	Combat coordination does not establish Boros, Mardu, Dune, duty, or leadership.	Plain title plus one behavioral sentence; no color, faction, archetype, or identity slogan appears.	Ask when live candidates agree on proactive play but differ in coordinated, embodied, abundant, burst, restrictive, or engine pressure.	Materially rewritten because the former three-channel item collapsed distinct combat and visible-payoff boundaries needed by VM-555.	E-VM555;E-CERTIFIED;E-CECOS;E-PLAYER-LANGUAGE	MAPPING_HYPOTHESIS
IC-A-013	b1.hall.pressure.v1	b1.hall.pressure.v1.combat	RETAINED_OR_ADDED_CONTRACT	C07	R;RG;JUND	Prefers immediate embodied combat pressure from the current board.	Identity-specific trigger only for R;RG;JUND; no score bonus and no standalone naming.	Many decks attack when shields are down; independent motive and context remain necessary.	Combat alone does not establish Red, Gruul, Jund, aggression, or experience level.	Plain title plus one behavioral sentence; no color, faction, archetype, or identity slogan appears.	Ask when live candidates agree on proactive play but differ in coordinated, embodied, abundant, burst, restrictive, or engine pressure.	Materially rewritten because the former three-channel item collapsed distinct combat and visible-payoff boundaries needed by VM-555.	E-VM555;E-CERTIFIED;E-CECOS;E-PLAYER-LANGUAGE	MAPPING_HYPOTHESIS
IC-A-014	b1.hall.pressure.v1	b1.hall.pressure.v1.abundance	RETAINED_OR_ADDED_CONTRACT	C07	NAYA	Prefers abundance-based board pressure rather than one concentrated strike.	Identity-specific trigger only for NAYA; no score bonus and no standalone naming.	Board width may be accidental or mechanically efficient rather than identity-relevant.	A wide board does not establish Naya, Selesnya, tokens, or belonging.	Plain title plus one behavioral sentence; no color, faction, archetype, or identity slogan appears.	Ask when live candidates agree on proactive play but differ in coordinated, embodied, abundant, burst, restrictive, or engine pressure.	Materially rewritten because the former three-channel item collapsed distinct combat and visible-payoff boundaries needed by VM-555.	E-VM555;E-CERTIFIED;E-CECOS;E-PLAYER-LANGUAGE	MAPPING_HYPOTHESIS
IC-A-015	b1.hall.pressure.v1	b1.hall.pressure.v1.burst	RETAINED_OR_ADDED_CONTRACT	C07	BR;PRISMARI	Prefers a concentrated exposed payoff during the opening.	Identity-specific trigger only for BR; no score bonus and no standalone naming.	Combo and efficient decks may also concentrate resources into one turn for unrelated reasons.	A large turn does not establish Rakdos, Prismari, spectacle, or appetite.	Plain title plus one behavioral sentence; no color, faction, archetype, or identity slogan appears.	Ask when live candidates agree on proactive play but differ in coordinated, embodied, abundant, burst, restrictive, or engine pressure.	Materially rewritten because the former three-channel item collapsed distinct combat and visible-payoff boundaries needed by VM-555.	E-VM555;E-CERTIFIED;E-CECOS;E-PLAYER-LANGUAGE	MAPPING_HYPOTHESIS
IC-A-016	b1.hall.pressure.v1	b1.hall.pressure.v1.resources	RETAINED_OR_ADDED_CONTRACT	C07	WB	Prefers resource-control pressure before attempting to end the game.	Corroborating directional observation only; never a naming trigger.	Removing options can be a tactical prerequisite in any deck.	Resource control does not establish Blue, Azorius, Orzhov, or a control archetype.	Plain title plus one behavioral sentence; no color, faction, archetype, or identity slogan appears.	Ask when live candidates agree on proactive play but differ in coordinated, embodied, abundant, burst, restrictive, or engine pressure.	Materially rewritten because the former three-channel item collapsed distinct combat and visible-payoff boundaries needed by VM-555.	E-VM555;E-CERTIFIED;E-CECOS;E-PLAYER-LANGUAGE	MAPPING_HYPOTHESIS
IC-A-017	b1.hall.pressure.v1	b1.hall.pressure.v1.engine	RETAINED_OR_ADDED_CONTRACT	C07	UR;COLORLESS	Prefers engine-based ending pressure instead of combat pressure.	Corroborating directional observation only; never a naming trigger.	Many identities can use engines; the observation describes pressure channel only.	A noncombat engine does not establish Izzet, Blue, Colorless, artifacts, or combo.	Plain title plus one behavioral sentence; no color, faction, archetype, or identity slogan appears.	Ask when live candidates agree on proactive play but differ in coordinated, embodied, abundant, burst, restrictive, or engine pressure.	Materially rewritten because the former three-channel item collapsed distinct combat and visible-payoff boundaries needed by VM-555.	E-VM555;E-CERTIFIED;E-CECOS;E-PLAYER-LANGUAGE	MAPPING_HYPOTHESIS
IC-A-018	b1.hall.engine-shape.v1	b1.hall.engine-shape.v1.central	RETAINED_OR_ADDED_CONTRACT	C06	U;ESPER;QUANDRIX	Accepts one designed central dependency after revision.	Corroborating directional observation only; never a naming trigger.	Some decks have a central engine because of card availability or commander design.	Centrality does not establish Blue, Esper, Quandrix, optimization, or skill.	Plain title plus one behavioral sentence; no color, faction, archetype, or identity slogan appears.	Ask when engine structure remains a live separator and DG_C06 has not been observed.	Materially rewritten because deck-revision context and a stable-purpose/flexible-tool option close more C06 corroboration gaps without adding a second C06 dependency.	E-VM555;E-CERTIFIED;E-CECOS;E-PLAYER-LANGUAGE	MAPPING_HYPOTHESIS
IC-A-019	b1.hall.engine-shape.v1	b1.hall.engine-shape.v1.replace	RETAINED_OR_ADDED_CONTRACT	C06	COLORLESS;LOREHOLD;YORE	Prefers replaceable functional redundancy.	Corroborating directional observation only; never a naming trigger.	Consistency can be a generic deckbuilding goal rather than identity evidence.	Redundancy, machinery, or artifacts do not establish Colorless or Yore.	Plain title plus one behavioral sentence; no color, faction, archetype, or identity slogan appears.	Ask when engine structure remains a live separator and DG_C06 has not been observed.	Materially rewritten because deck-revision context and a stable-purpose/flexible-tool option close more C06 corroboration gaps without adding a second C06 dependency.	E-VM555;E-CERTIFIED;E-CECOS;E-PLAYER-LANGUAGE	MAPPING_HYPOTHESIS
IC-A-020	b1.hall.engine-shape.v1	b1.hall.engine-shape.v1.overlap	RETAINED_OR_ADDED_CONTRACT	C06	UR;BG;WITHERBLOOM	Prefers modular engines whose functions overlap.	Corroborating directional observation only; never a naming trigger.	Overlapping packages may be required by singleton deck construction.	Modularity does not establish Simic, Izzet, Golgari, Witherbloom, or combo.	Plain title plus one behavioral sentence; no color, faction, archetype, or identity slogan appears.	Ask when engine structure remains a live separator and DG_C06 has not been observed.	Materially rewritten because deck-revision context and a stable-purpose/flexible-tool option close more C06 corroboration gaps without adding a second C06 dependency.	E-VM555;E-CERTIFIED;E-CECOS;E-PLAYER-LANGUAGE	MAPPING_HYPOTHESIS
IC-A-021	b1.hall.engine-shape.v1	b1.hall.engine-shape.v1.purpose	RETAINED_OR_ADDED_CONTRACT	C06	UB;SULTAI;WUBRG	Prefers a stable purpose with flexible implementation routes.	Corroborating directional observation only; never a naming trigger.	Flexible tools can be a response to a varied metagame rather than a stable preference.	Toolbox play does not establish Dimir, Sultai, WUBRG, secrecy, or opportunism.	Plain title plus one behavioral sentence; no color, faction, archetype, or identity slogan appears.	Ask when engine structure remains a live separator and DG_C06 has not been observed.	Materially rewritten because deck-revision context and a stable-purpose/flexible-tool option close more C06 corroboration gaps without adding a second C06 dependency.	E-VM555;E-CERTIFIED;E-CECOS;E-PLAYER-LANGUAGE	MAPPING_HYPOTHESIS
IC-A-022	b1.hall.interaction-window.v1	b1.hall.interaction-window.v1.before	RETAINED_OR_ADDED_CONTRACT	C08	WU	Prefers early prevention before the decisive action becomes visible.	Corroborating directional observation only; never a naming trigger.	Early action may be forced by card timing rather than preferred information use.	Prevention alone does not establish White, Azorius, control, or public procedure.	Plain title plus one behavioral sentence; no color, faction, archetype, or identity slogan appears.	Ask when information use and interaction timing separate the live frontier and DG_C08 has not been observed.	Narrowly refined to the VM-555 commitment-window scenario and given a split line; it remains one C08 observation rather than a stackable third timing item.	E-VM555;E-CERTIFIED;E-CECOS;E-PLAYER-LANGUAGE	MAPPING_HYPOTHESIS
IC-A-023	b1.hall.interaction-window.v1	b1.hall.interaction-window.v1.after	RETAINED_OR_ADDED_CONTRACT	C08	U	Prefers more information before committing a held answer.	Identity-specific trigger only for U; no score bonus and no standalone naming.	A player may wait because their card can only answer a visible permanent.	Waiting does not establish Blue, Dimir, knowledge, secrecy, or skill.	Plain title plus one behavioral sentence; no color, faction, archetype, or identity slogan appears.	Ask when information use and interaction timing separate the live frontier and DG_C08 has not been observed.	Narrowly refined to the VM-555 commitment-window scenario and given a split line; it remains one C08 observation rather than a stackable third timing item.	E-VM555;E-CERTIFIED;E-CECOS;E-PLAYER-LANGUAGE	MAPPING_HYPOTHESIS
IC-A-024	b1.hall.interaction-window.v1	b1.hall.interaction-window.v1.pressure	RETAINED_OR_ADDED_CONTRACT	C08	UB;GRIXIS;GLINT	Prefers the commitment window where opposing resources are exposed.	Identity-specific trigger only for UB; no score bonus and no standalone naming.	The window may be dictated by rules timing rather than behavioral preference.	Commitment timing does not establish Dimir, Grixis, Glint, leverage, or survival.	Plain title plus one behavioral sentence; no color, faction, archetype, or identity slogan appears.	Ask when information use and interaction timing separate the live frontier and DG_C08 has not been observed.	Narrowly refined to the VM-555 commitment-window scenario and given a split line; it remains one C08 observation rather than a stackable third timing item.	E-VM555;E-CERTIFIED;E-CECOS;E-PLAYER-LANGUAGE	MAPPING_HYPOTHESIS
IC-A-025	b1.hall.interaction-window.v1	b1.hall.interaction-window.v1.split	RETAINED_OR_ADDED_CONTRACT	C08	UR;JESKAI	Prefers split commitment between development and one bounded response.	Corroborating directional observation only; never a naming trigger.	Efficient curves can produce this line without a stable interaction preference.	Split mana does not establish Izzet, Jeskai, discipline, or tempo.	Plain title plus one behavioral sentence; no color, faction, archetype, or identity slogan appears.	Ask when information use and interaction timing separate the live frontier and DG_C08 has not been observed.	Narrowly refined to the VM-555 commitment-window scenario and given a split line; it remains one C08 observation rather than a stackable third timing item.	E-VM555;E-CERTIFIED;E-CECOS;E-PLAYER-LANGUAGE	MAPPING_HYPOTHESIS
IC-A-026	b1.hall.setup.v1	b1.hall.setup.v1.early	RETAINED_OR_ADDED_CONTRACT	C14	BANT;INK;WG	Requires useful early participation while a longer plan develops.	Corroborating directional observation only; never a naming trigger.	Early utility may be incidental to efficient cards rather than a community preference.	Helpfulness does not establish Selesnya, Ink, Bant, altruism, or politics.	Plain title plus one behavioral sentence; no color, faction, archetype, or identity slogan appears.	Ask when development horizon separates the live frontier and DG_C14 has not been observed.	Materially rewritten because the former duration preference did not observe whether setup participates in the current game or yields to the board.	E-VM555;E-CERTIFIED;E-CECOS;E-PLAYER-LANGUAGE	MAPPING_HYPOTHESIS
IC-A-027	b1.hall.setup.v1	b1.hall.setup.v1.staged	RETAINED_OR_ADDED_CONTRACT	C14	G;BG;ABZAN;WITHERBLOOM;UG;NAYA	Prefers staged cultivation where development contributes along the way.	Corroborating directional observation only; never a naming trigger.	Value engines commonly reward staged play for mechanical reasons.	Incremental value does not establish Green, Golgari, Abzan, Witherbloom, or growth philosophy.	Plain title plus one behavioral sentence; no color, faction, archetype, or identity slogan appears.	Ask when development horizon separates the live frontier and DG_C14 has not been observed.	Materially rewritten because the former duration preference did not observe whether setup participates in the current game or yields to the board.	E-VM555;E-CERTIFIED;E-CECOS;E-PLAYER-LANGUAGE	MAPPING_HYPOTHESIS
IC-A-028	b1.hall.setup.v1	b1.hall.setup.v1.long	RETAINED_OR_ADDED_CONTRACT	C14	QUANDRIX;WITCH	Accepts concentrated long development before the main payoff.	Corroborating directional observation only; never a naming trigger.	Budget, card speed, and table power can force a longer horizon.	Long setup does not establish Quandrix, Witch, mathematics, or patience as virtue.	Plain title plus one behavioral sentence; no color, faction, archetype, or identity slogan appears.	Ask when development horizon separates the live frontier and DG_C14 has not been observed.	Materially rewritten because the former duration preference did not observe whether setup participates in the current game or yields to the board.	E-VM555;E-CERTIFIED;E-CECOS;E-PLAYER-LANGUAGE	MAPPING_HYPOTHESIS
IC-A-029	b1.hall.setup.v1	b1.hall.setup.v1.change	RETAINED_OR_ADDED_CONTRACT	C14	TEMUR;GLINT	Prefers board-responsive development over preserving a stalled long plan.	Corroborating directional observation only; never a naming trigger.	A clearly lost setup can make changing plans tactically mandatory.	Changing plans does not establish Temur, Glint, Red, freedom, or instinct.	Plain title plus one behavioral sentence; no color, faction, archetype, or identity slogan appears.	Ask when development horizon separates the live frontier and DG_C14 has not been observed.	Materially rewritten because the former duration preference did not observe whether setup participates in the current game or yields to the board.	E-VM555;E-CERTIFIED;E-CECOS;E-PLAYER-LANGUAGE	MAPPING_HYPOTHESIS
IC-A-030	b1.crucible.disruption-boundary.v1	b1.crucible.disruption-boundary.v1.preserve	RETAINED_OR_ADDED_CONTRACT	C03		Prioritizes continuity through remaining protection.	Corroborating directional observation only; never a naming trigger.	The remaining protection may simply be the strongest available line.	Protection does not establish White, Selesnya, Abzan, or commander reliance.	Plain title plus one behavioral sentence; no color, faction, archetype, or identity slogan appears.	Ask only when disruption response is the highest-value unresolved boundary and DG_C03 detail can change the responsible result.	Net-new targeted C03 item retained because B lacks an identity-specific behavioral trigger and G/RG disruption adaptation cannot be observed by the fixed broad Gate answer alone.	E-VM555;E-CERTIFIED;E-CECOS;E-PLAYER-LANGUAGE	MAPPING_HYPOTHESIS
IC-A-031	b1.crucible.disruption-boundary.v1	b1.crucible.disruption-boundary.v1.reuse	RETAINED_OR_ADDED_CONTRACT	C03	BG;LOREHOLD	Prefers reclamation and continuity after loss.	Corroborating directional observation only; never a naming trigger.	The deck may contain recursion for efficiency rather than a stable recovery preference.	Recursion and graveyard use do not establish Golgari, Lorehold, or a color identity.	Plain title plus one behavioral sentence; no color, faction, archetype, or identity slogan appears.	Ask only when disruption response is the highest-value unresolved boundary and DG_C03 detail can change the responsible result.	Net-new targeted C03 item retained because B lacks an identity-specific behavioral trigger and G/RG disruption adaptation cannot be observed by the fixed broad Gate answer alone.	E-VM555;E-CERTIFIED;E-CECOS;E-PLAYER-LANGUAGE	MAPPING_HYPOTHESIS
IC-A-032	b1.crucible.disruption-boundary.v1	b1.crucible.disruption-boundary.v1.convert	RETAINED_OR_ADDED_CONTRACT	C03	B	Prefers converting disruption into immediate personal agency.	Identity-specific trigger only for B; no score bonus and no standalone naming.	Many engines convert lost pieces automatically; independent behavior is required.	Conversion, sacrifice, or paying life does not establish Black, Witherbloom, Sultai, or appetite.	Plain title plus one behavioral sentence; no color, faction, archetype, or identity slogan appears.	Ask only when disruption response is the highest-value unresolved boundary and DG_C03 detail can change the responsible result.	Net-new targeted C03 item retained because B lacks an identity-specific behavioral trigger and G/RG disruption adaptation cannot be observed by the fixed broad Gate answer alone.	E-VM555;E-CERTIFIED;E-CECOS;E-PLAYER-LANGUAGE	MAPPING_HYPOTHESIS
IC-A-033	b1.crucible.disruption-boundary.v1	b1.crucible.disruption-boundary.v1.adapt	RETAINED_OR_ADDED_CONTRACT	C03	G;RG	Prefers board-led adaptation over restoring the ideal plan.	Identity-specific trigger only for G; no score bonus and no standalone naming.	Any player may pivot when reconstruction is impossible.	Adaptation does not establish Green, Gruul, Temur, Glint, or resilience as identity.	Plain title plus one behavioral sentence; no color, faction, archetype, or identity slogan appears.	Ask only when disruption response is the highest-value unresolved boundary and DG_C03 detail can change the responsible result.	Net-new targeted C03 item retained because B lacks an identity-specific behavioral trigger and G/RG disruption adaptation cannot be observed by the fixed broad Gate answer alone.	E-VM555;E-CERTIFIED;E-CECOS;E-PLAYER-LANGUAGE	MAPPING_HYPOTHESIS
IC-A-034	b1.crucible.disruption-boundary.v1	b1.crucible.disruption-boundary.v1.act	RETAINED_OR_ADDED_CONTRACT	C03	R	Prefers immediate action after disruption rather than restoration.	Identity-specific trigger only for R; no score bonus and no standalone naming.	The opponent being tapped out can make immediate action tactically correct for any deck.	Urgency does not establish Red, Rakdos, Jund, Grixis, or aggression.	Plain title plus one behavioral sentence; no color, faction, archetype, or identity slogan appears.	Ask only when disruption response is the highest-value unresolved boundary and DG_C03 detail can change the responsible result.	Net-new targeted C03 item retained because B lacks an identity-specific behavioral trigger and G/RG disruption adaptation cannot be observed by the fixed broad Gate answer alone.	E-VM555;E-CERTIFIED;E-CECOS;E-PLAYER-LANGUAGE	MAPPING_HYPOTHESIS
IC-A-035	b1.crucible.disruption-boundary.v1	b1.crucible.disruption-boundary.v1.reconstruct	RETAINED_OR_ADDED_CONTRACT	C03	U;ESPER	Prefers returning to a designed system after disruption.	Corroborating directional observation only; never a naming trigger.	Some decks have no functional alternative route, making reconstruction compulsory.	Reconstruction does not establish Blue, Esper, perfection, or central-engine preference.	Plain title plus one behavioral sentence; no color, faction, archetype, or identity slogan appears.	Ask only when disruption response is the highest-value unresolved boundary and DG_C03 detail can change the responsible result.	Net-new targeted C03 item retained because B lacks an identity-specific behavioral trigger and G/RG disruption adaptation cannot be observed by the fixed broad Gate answer alone.	E-VM555;E-CERTIFIED;E-CECOS;E-PLAYER-LANGUAGE	MAPPING_HYPOTHESIS
