field_or_family,canonical_writer,additional_writers,computation_source,semantic_role,serialized_location,normalizers,cache_consumers,saved_profile_consumers,legacy_consumers,ranking_consumers,stopping_consumers,dossier_consumers,presentation_consumers,graph_or_matrix_consumers,recommendation_consumers,deck_link_consumers,adjacent_view_consumers,maze_handoff_consumers,test_consumers,gate_a_public_treatment,gate_a_internal_treatment,compatibility_rule,migration_required,evidence_paths,unresolved_consumer_risk,compatibility_disposition
identity_scores,assets/js/adaptive-placement.js:createInitialAdaptiveState|applyAdaptiveAnswer,audit generators,Equal log prior plus authored deltas suppressions and lateral inhibition,Accumulated internal identity score vector,adaptive state only; ranked top_matches.score snapshots,None,None,None,None,rankAdaptiveFactions,softmaxScores indirectly drives stopping,None,None,None,None,None,None,None,adaptive and quick-reading tests,Do not label or expose as accuracy strength,Preserve for ranking replay and regression,PRESERVE-INTERNAL-HIDE-PUBLICLY,No,assets/js/adaptive-placement.js:45-61|106-235|275-295,UNRESOLVED: externally supplied interview results may use a different score contract,PRESERVE-INTERNAL-HIDE-PUBLICLY
softmax_share_probability,assets/js/adaptive-placement.js:softmaxScores|rankAdaptiveFactions,buildAdaptivePlacementResult aliases share as confidence,Exponentiated normalized arbitrary accumulated scores,Internal rank share and current stopping input,ranked entries probability; result confidence and top_matches confidence aliases,assets/js/shared.js:normalizeMatch|normalizePlacementResult,vm_last_result through aliased confidence,profiles.confidence and placement_result through aliased confidence,legacy normalization aliases missing confidence to fabricated values,rankAdaptiveFactions,needsCrucible|shouldFinishAdaptiveReading,signal-band and active-match sorting,archscry-presentation.js confidence percent/band,None,buildManaScores indirectly,None,adjacent_matches ordering,placementResult copied into Maze handoff,placement and bias tests,Remove calibrated probability/confidence claims,Preserve current internal ranking and stopping semantics,PRESERVE-INTERNAL-HIDE-PUBLICLY,No,assets/js/adaptive-placement.js:244-295|341-357|434-455|603-649,UNRESOLVED: interview-service result semantics are outside local static authority,PRESERVE-INTERNAL-HIDE-PUBLICLY
confidence,assets/js/adaptive-placement.js:buildAdaptivePlacementResult,assets/js/shared.js:normalizePlacementResult|makeLegacyPlacementResult,Top softmax share for adaptive results; fabricated fallback for missing legacy data,Serialized legacy-compatible numeric alias presently misused as public confidence,placement_result.confidence|profiles.confidence|vm_last_result.confidence|vm_pending_result.confidence,assets/js/shared.js:normalizePlacementResult,vm_last_result,profiles.confidence|placement_result,makeLegacyPlacementResult|normalizePlacementResult,None,None,commander-dossier signal band,archscry-presentation percent/band and index result copy,None,indirect claim/reason selection,None,active match copy and sorting,placementResult copied into Maze handoff,placement quick-reading persistence and browser tests,Do not render numeric confidence; missing legacy remains unknown,Keep field name and shape for compatibility; null is allowed for unknown,PRESERVE-INTERNAL-HIDE-PUBLICLY,No,assets/js/adaptive-placement.js:603-649|assets/js/shared.js:194-280|484-613|assets/js/archscry-presentation.js:777-783,UNRESOLVED: database and remote interview consumers beyond committed code,PRESERVE-INTERNAL-HIDE-PUBLICLY
confidence_gap,assets/js/adaptive-placement.js:buildAdaptivePlacementResult,assets/js/shared.js:normalizePlacementResult,Top minus runner-up softmax share,Serialized separation metric currently not calibrated,placement_result.confidence_gap|vm_last_result|vm_pending_result,assets/js/shared.js:normalizePlacementResult,vm_last_result,placement_result,legacy missing normalizes null,None,adaptive stopping computes equivalent gap before serialization,None,No direct committed public reader located,None,None,None,None,placementResult copied into Maze handoff,placement and normalization tests,Do not present as certainty or accuracy,Preserve field and current internal meaning for replay/compatibility,PRESERVE-INTERNAL-HIDE-PUBLICLY,No,assets/js/adaptive-placement.js:632-649|assets/js/shared.js:194-226,UNRESOLVED: indirect/dynamic consumers may read the serialized field,PRESERVE-INTERNAL-HIDE-PUBLICLY
mana_scores,assets/js/adaptive-placement.js:buildManaScores|buildAdaptivePlacementResult,assets/js/shared.js legacy fallback and profile scores alias,Color-weighted ranked softmax shares normalized to WUBRG integers 1-10,Placement-derived mana alignment payload,placement_result.mana_scores|profiles.scores|vm_last_result|vm_pending_result,assets/js/shared.js:normalizePlacementResult,vm_last_result,profiles.scores|placement_result,legacy profile scores fallback,None,None,assets/js/commander-dossier.js:buildManaAlignment,export/text dossier surfaces,Separate from authored radar; dossier manaAlignment uses it,indirect dossier context,deck links use identity fields not mana_scores,retained when switching adjacent view,placementResult copied into Maze handoff and read by Maze fallback,quick-reading dossier Maze tests,Do not call it confidence or authored Matrix,Preserve values field shape and downstream payload,PRESERVE-UNCHANGED,No,assets/js/adaptive-placement.js:538-554|632-649|assets/js/shared.js:194-226|assets/js/commander-dossier.js:2441-2446,UNRESOLVED: any remote profile readers are not locally enumerable,PRESERVE-UNCHANGED
decree,assets/js/adaptive-placement.js:buildAdaptiveDecree|buildAdaptivePlacementResult,assets/js/quick-reading.js:buildQuickDecree|buildQuickPlacementResult; supabase/functions/guild-recruiter/index.ts:normalizeDecisionResult|archived interview result,Adaptive top and runner-up plus supporting signals and authored expression; quick-path answers; archived interview decision,Public placement explanation and decree,placement_result.decree|profiles.decree|vm_last_result|vm_pending_result|archived current_result,assets/js/shared.js:normalizePlacementResult,vm_last_result|vm_pending_result through vm_beginGoogleSave and vm_finishPendingSave,profiles.decree|profiles.placement_result through vm_savePlacementResult,makeLegacyPlacementResult authored fallback|legacy profiles.decree column,None,None,assets/js/commander-dossier.js:buildCommanderDossier decreeCopy,assets/js/index.js result reveal|dossier text export and audit,None,No direct committed recommendation input located,No direct committed deck-link input located,primary decree retained while alternative dossier substitutes reasonItStayedClose,placementResult copied into Maze handoff; research-init.js active result and reading paths consume decree,quick-reading placement persistence OAuth dossier and Maze tests,Render only demonstrated bounded claims or safe fallbacks; do not use decree as calibrated certainty,Preserve field name shape authored text and replay or legacy payload,PRESERVE-UNCHANGED,No,assets/js/adaptive-placement.js:569-588|641; assets/js/quick-reading.js:296-320|341-357; supabase/functions/guild-recruiter/index.ts:34|163-203|382-386|438-454; assets/js/shared.js:194-226|264-280|290-300|484-550|565-613; docs/supabase-profile-update.sql:25|54|200-207; docs/reference/data-contracts.md:155-168|285-299; assets/js/index.js:1191-1218|2938; assets/js/commander-dossier.js:3052-3123; research/research-init.js:2108-2177,UNRESOLVED: deployed database consumers and remote or archived interview producers cannot be exhaustively proven from committed local code,PRESERVE-UNCHANGED
color_weights,NONE-IN-CURRENT-LOCAL-QUICK-PATH,EXTERNAL-OR-ARCHIVED-PRODUCER-UNRESOLVED,Supplied optional color-weight map; current local scoring paths do not derive or fabricate it,Optional serialized color-affinity evidence,placement_result.color_weights|vm_last_result|vm_pending_result|profiles.placement_result,assets/js/shared.js:normalizePlacementResult,vm_last_result|vm_pending_result,profiles.placement_result,legacy aggregate may omit field,None,None,No direct committed field reader located,No direct committed field renderer located,No direct committed graph or Matrix reader located,No direct committed recommendation reader located,No direct committed deck-link reader located,Preserved only through aggregate placement result,Preserved only through aggregate Maze placementResult handoff,normalization persistence and compatibility tests should cover supplied and missing values,Do not fabricate or infer a public value; render nothing when absent,Preserve supplied value and optional field shape without manufacturing a default,PRESERVE-UNCHANGED,No,assets/js/shared.js:194-226|290-300|484-550|565-613; docs/reference/data-contracts.md:242-248; docs/architecture/data-flow-map.md:60; docs/architecture/core-logic-and-algorithms.md:30,EXTERNAL-OR-ARCHIVED-PRODUCER-UNRESOLVED; no local adaptive or quick writer and no direct local field consumer beyond normalization and aggregate propagation,PRESERVE-UNCHANGED
authored_preview_scores,data/identity-layers.json:expressions.*.preview_scores,research/build-faction-artifacts.mjs:readJson(identityLayersPath)|buildPlacementModel|displayData.identity_layers propagation,Hand-authored Order Knowledge Ambition Freedom Growth values,Preferred authored Mana Alignment Matrix shape,data/identity-layers.json expressions.*.preview_scores|generated data/factions.json identity_layers expressions,assets/js/vm-radar.js:previewScores,None,None,None,None,None,dossier radar profile and section,dossier-radar.js and vm-radar.js,vm-radar.js:resolveRadarProfile,No direct placement recommendation role,None,active dossier faction chooses authored expression,No direct Maze payload use,radar source-generated and presentation tests,Keep visible as authored identity visualization; never present as confidence raw placement ledger or calibration,Preserve authored source values and downstream propagated shape unchanged,PRESERVE-UNCHANGED,No,data/identity-layers.json:expressions.*.preview_scores; research/build-faction-artifacts.mjs:11|5065|5079-5088; assets/js/vm-radar.js:2-6|141-153|225-254; assets/js/dossier-radar.js:27-34; docs/reference/archscry-identity-matrix-data-map.md:44-70,UNRESOLVED: no deployed or external consumer inventory; source authority is locally resolved and the builder is only a reader and propagator,PRESERVE-UNCHANGED
authored_matrix_component_averages,assets/js/vm-radar.js:averageComponentScores,COMPONENT_PROFILES constants,Mean of authored mono-color component profiles or Colorless fallback,Fallback authored Mana Alignment Matrix shape,computed radar profile data and scores object,assets/js/vm-radar.js:resolveRadarProfile,None,None,None,None,None,dossier radar profile and section,dossier-radar.js and vm-radar.js,vm-radar.js:resolveRadarProfile,No direct placement recommendation role,None,active dossier faction chooses components,No direct Maze payload use,radar and presentation tests,Keep visible as authored identity visualization,Preserve unchanged and separate from confidence,PRESERVE-UNCHANGED,No,assets/js/vm-radar.js:18-55|148-160|225-254,UNRESOLVED: no independent calibration is claimed or required for this authored visual,PRESERVE-UNCHANGED
top_matches,assets/js/adaptive-placement.js:buildAdaptivePlacementResult,assets/js/shared.js:normalizePlacementResult fallback,Top three numeric ranks with score confidence identity and reason,Ranked result summary and compatibility container,placement_result.top_matches|vm_last_result|vm_pending_result,assets/js/shared.js:normalizeMatch|normalizePlacementResult,vm_last_result,placement_result,legacy fallback synthesizes rank one,rank order originates here,None,commander-dossier activeMatch and summary,archscry result summary and confidence copy,None,reason and evidence selection,deck-link metadata uses primary aggregate not top_matches,active and alternative lookup,placementResult copied into Maze handoff,quick-reading dossier tests,Render bounded primary/alternative states instead of certainty,Preserve array shape/order and numeric internals,PRESERVE-UNCHANGED,No,assets/js/adaptive-placement.js:603-649|assets/js/shared.js:160-250|assets/js/commander-dossier.js:2766-2820,UNRESOLVED: remote consumers may depend on match subfields,PRESERVE-UNCHANGED
adjacent_matches,assets/js/adaptive-placement.js:buildAdaptivePlacementResult,assets/js/shared.js:normalizePlacementResult fallback,top_matches ranks two and three copied without relationship contract,Legacy-named numeric alternatives,placement_result.adjacent_matches|vm_last_result|vm_pending_result,assets/js/shared.js:normalizePlacementResult,vm_last_result,placement_result,legacy may derive from top_matches,None,None,commander-dossier adjacentFits and adjacent reason,adjacent cards and result copy,None,alternative dossier context,None,index.js switchAdjacentView,placementResult copied into Maze handoff,quick-reading adjacent navigation tests,Do not call numeric runners-up adjacency; call bounded alternatives or omit,Preserve field and array shape for existing consumers,PRESERVE-INTERNAL-HIDE-PUBLICLY,No,assets/js/adaptive-placement.js:632-649|assets/js/shared.js:194-250|assets/js/commander-dossier.js:2448-2480|2779-2820|assets/js/index.js:2888-2920|3203-3230,UNRESOLVED: URL view keys may reach identities outside serialized alternatives,PRESERVE-INTERNAL-HIDE-PUBLICLY
primary_identity_id_name,assets/js/adaptive-placement.js:buildAdaptivePlacementResult,assets/js/shared.js legacy profile normalization,Top-ranked faction key/name plus identity object,Primary placement identity and route/view anchor,faction|faction_name|identity inside placement_result cache profile and handoff,assets/js/shared.js:normalizePlacementResult,vm_last_result,profiles.guild|guild_name|placement_result,legacy guild/guild_name fallback,ranking selects writer input,None,commander-dossier primaryFaction and target,all primary dossier/result surfaces,authored radar selects active identity,recommendations and package links,deck-link placement_key/name,adjacent view retains original primary,fit/guild/view and placementResult in Maze handoff,placement route dossier deck-link Maze tests,Keep primary wording bounded by additive state,Preserve identifiers names and object shape,PRESERVE-UNCHANGED,No,assets/js/adaptive-placement.js:632-649|assets/js/shared.js:194-280|assets/js/index.js:2730-2820|assets/js/deck-link-service.js:79-121,UNRESOLVED: aliases accepted by direct URLs remain broader than result schema,PRESERVE-UNCHANGED
result_status,No serialized canonical writer; commander-dossier.js currently derives prose resultStatus,Future additive Gate A result-state writer only,Future bounded state derived from existing response/result evidence,Explicit bounded public state independent of numeric internals,Absent from current placement_result; dossier.resultStatus is derived prose,Future backward-compatible normalizer,None,None,Legacy absence must normalize unknown/incomplete without certainty,None,None,commander-dossier resultStatus,public result renderers,None,may gate recommendation language,None,alternative_state may govern adjacent view,Maze handoff may carry additive state with full result,future state-contract tests,Prefer additive primary tied close mixed contradictory insufficient unknown invalid incomplete state,Do not replace existing fields; preserve missing as unknown,ADDITIVE-EXTENSION,Yes: additive field/version only,assets/js/commander-dossier.js:3043-3058|docs/audits/vm551-placement-system/downstream-compatibility-contract.md,UNRESOLVED: exact field names and ownership require later authorized planning,ADDITIVE-EXTENSION
evidence_trail,assets/js/adaptive-placement.js:applyAdaptiveAnswer|buildAdaptivePlacementResult,assets/js/shared.js normalizes absent to empty,Question prompt signal and per-identity deltas,Explanation and replay evidence trail,placement_result.evidence_trail|vm_last_result|vm_pending_result|Maze placementResult,assets/js/shared.js:normalizePlacementResult,vm_last_result,placement_result,legacy absence becomes empty,None,None,commander-dossier reading omens and signal copy,explanation surfaces,None,recommendation context indirectly,None,alternative reason selection,placementResult copied into Maze handoff,quick-reading dossier trace tests,Use only demonstrated observations and qualified claims,Preserve trail field and entries,PRESERVE-UNCHANGED,No,assets/js/adaptive-placement.js:222-240|632-649|assets/js/shared.js:194-226|assets/js/commander-dossier.js:2059-2135|2493-2535,UNRESOLVED: prompts and free-text reasons are not stable controlled-signal IDs,PRESERVE-UNCHANGED
stage_trail,assets/js/adaptive-placement.js:applyAdaptiveAnswer|buildAdaptivePlacementResult,assets/js/shared.js normalizes absent to empty,Stage question_id answer_index answer_title and signal,Questionnaire traversal record,placement_result.stage_history|vm_last_result|vm_pending_result|Maze placementResult,assets/js/shared.js:normalizePlacementResult,vm_last_result,placement_result,legacy absence becomes empty,None,None,available in dossier result payload but no direct display found,No direct committed reader found,None,None,None,None,placementResult copied into Maze handoff,adaptive replay and audit generator tests,Do not use as public certainty,Preserve field and entries,PRESERVE-UNCHANGED,No,assets/js/adaptive-placement.js:222-240|632-649|assets/js/shared.js:194-226,UNRESOLVED: dynamic/remote consumers may inspect stage_history,PRESERVE-UNCHANGED
selected_answers,assets/js/index.js quick-reading selection flow|adaptive simulation helpers,replayAdaptiveSelections and audit generators,Transient question object answer object and answerIndex selections,Replay and audit-only path reconstruction,Not serialized in placement_result as a standalone field,None,None,None,None,replayAdaptiveSelections,selection order affects stopping,explanation survives only through trails,question UI,None,None,None,None,None,audit and adaptive tests,Do not infer more than the selected option,Preserve current transient behavior; no Gate A schema addition required,VERSIONED-MIGRATION-LATER,Yes if later persisted,assets/js/adaptive-placement.js:471-486|668-823|assets/js/index.js:900-1065,UNRESOLVED: full transient selection ownership is distributed across UI and simulations,VERSIONED-MIGRATION-LATER
question_ids,placement model question records|adaptive state,applyAdaptiveAnswer,Authored question.id appended to asked_question_ids and trails,Traversal identity and evidence locator,question_id in evidence_trail and stage_history; asked_question_ids remains state only,shared.js preserves trails,through placement result trails,through placement_result,legacy may omit,None,selection uses asked IDs,dossier consumes evidence trail,indirect explanation,None,None,None,None,Maze receives trails with result,audit placement and quick-reading tests,May support observation trace; not certainty,Preserve existing IDs and locations,PRESERVE-UNCHANGED,No,assets/js/adaptive-placement.js:55-61|222-240|632-649,UNRESOLVED: no result-level asked_question_ids field exists,PRESERVE-UNCHANGED
answer_ids,data/placement-model.json Gate answers only,research builder; Hall/Crucible use array positions,20 authored Gate IDs; 336 answers lack stable IDs,Potential stable answer provenance key,Not serialized; stage_history stores answer_index/title/signal,None,None,None,None,None,None,None,None,None,None,None,None,None,audit generator and matrices,Do not imply stable provenance where absent,Keep current fields; stable-ID migration belongs to Gate B1/VERSIONED later,VERSIONED-MIGRATION-LATER,Yes in Gate B1 only,data/placement-model.json|assets/js/adaptive-placement.js:224-239|docs/audits/vm551-placement-system/question-to-signal-matrix.csv,UNRESOLVED: missing Hall/Crucible IDs are an audited correctness defect not Gate A work,VERSIONED-MIGRATION-LATER
model_version,assets/js/adaptive-placement.js:createInitialAdaptiveState|buildAdaptivePlacementResult,model _meta,Generated placement model version,Identifies scoring model used,placement_result.model_version|vm_last_result|vm_pending_result|dossier.sourceModelVersion|Maze placementResult,assets/js/shared.js accepts placement_model_version alias,vm_last_result,placement_result,legacy may be null,None,None,commander-dossier sourceModelVersion,indirect metadata,None,None,None,None,placementResult copied into Maze handoff,placement and dossier tests,Display only as provenance if needed,Preserve exact historical value and field,PRESERVE-UNCHANGED,No,assets/js/adaptive-placement.js:1|45-61|632-649|assets/js/shared.js:194-226|assets/js/commander-dossier.js:3071-3073,UNRESOLVED: external interview model versions may differ,PRESERVE-UNCHANGED
result_schema_version,assets/js/adaptive-placement.js:RESULT_VERSION|buildAdaptivePlacementResult,assets/js/shared.js:VM_RESULT_VERSION fallback,Date-like result contract version in field version,Identifies serialized result shape,placement_result.version|vm_last_result|vm_pending_result|Maze placementResult,assets/js/shared.js:normalizePlacementResult,vm_last_result,placement_result,legacy receives current fallback,None,None,dossier carries full result,indirect metadata,None,None,None,None,placementResult copied into Maze handoff,normalization persistence tests,Do not silently relabel historical readings,Preserve field and original value; additive compatibility version may supplement,PRESERVE-UNCHANGED,No,assets/js/adaptive-placement.js:1|594-649|assets/js/shared.js:194-226,UNRESOLVED: fallback version assignment may already blur legacy provenance,PRESERVE-UNCHANGED
source_evidence_version,No current placement-result writer,identity/model manifests outside result,Source and claim authority versions are not serialized into the current result,Future provenance field,Absent from placement_result,None,None,None,Legacy absent,None,None,None,None,None,None,None,None,None,audit validation only,Do not fabricate provenance,Add only in later versioned migration after source contract review,VERSIONED-MIGRATION-LATER,Yes,data/placement-model.json _meta|docs/audits/vm551-placement-system/audit-input-manifest.json,UNRESOLVED: exact source/evidence version contract does not exist,VERSIONED-MIGRATION-LATER
source_mode,assets/js/adaptive-placement.js:buildAdaptivePlacementResult,assets/js/shared.js legacy fallback,quick for adaptive result; legacy fallback otherwise,Result origin discriminator,placement_result.source_mode|vm_last_result|vm_pending_result|Maze placementResult,assets/js/shared.js:normalizePlacementResult,vm_last_result,placement_result,defaults legacy,None,None,available through dossier result,No direct committed display found,None,None,None,None,placementResult copied into Maze handoff,normalization tests,May qualify limitations; do not infer accuracy,Preserve field values and fallback behavior except fabricated certainty,PRESERVE-UNCHANGED,No,assets/js/adaptive-placement.js:632-649|assets/js/shared.js:194-280,UNRESOLVED: interview result source_mode values are not locally constrained,PRESERVE-UNCHANGED
adaptive_stopping_inputs,assets/js/adaptive-placement.js:createInitialAdaptiveState|applyAdaptiveAnswer,rankAdaptiveFactions,stage_counts asked_question_ids pruned scores and softmax gap,Controls Gate/Hall/Crucible selection and completion,Adaptive state only; evidence/stage subsets serialized,None,None,None,None,rankAdaptiveFactions,selectNextAdaptiveQuestion|needsCrucible|shouldFinishAdaptiveReading,None,progress UI reads stage_counts,None,None,None,None,None,adaptive placement tests,Do not expose as confidence,Preserve current internal values and behavior,PRESERVE-UNCHANGED,No,assets/js/adaptive-placement.js:45-61|205-235|333-465|assets/js/index.js:969,UNRESOLVED: state is in-memory and lost on refresh,PRESERVE-UNCHANGED
session_cache,assets/js/shared.js:vm_cachePlacementResult,adaptive/index/shared result writers,Clone of full placement result,Refresh and OAuth compatibility cache,sessionStorage vm_last_result,assets/js/shared.js:normalizePlacementResult,assets/js/shared.js|assets/js/index.js,indirect source for later profile save,legacy result can be cached,None,None,full dossier restore,full result restore,indirect,full recommendations,deck-link save reads active/cached result,adjacent view restores full result,Archscry handoff may fall back to cache,cache and browser tests,Prefer additive states when present; no fabricated defaults,Preserve key full shape and round-trip,PRESERVE-UNCHANGED,No,assets/js/shared.js:44-85|286-300|assets/js/index.js:1898|3676-3713,UNRESOLVED: sessionStorage availability failures are swallowed,PRESERVE-UNCHANGED
profile_persistence,assets/js/shared.js:vm_savePlacementResult,Supabase profiles row,Normalized result plus legacy columns guild runner_up confidence scores and placement_result,Signed-in saved placement and cross-session restore,profiles row and placement_result JSON,assets/js/shared.js:syncSessionState|normalizePlacementResult,cache after load/save,profiles table,legacy guild/scores columns,None,None,restored dossier,restored result,indirect,restored recommendations,restored deck-link context,restored alternatives,Maze handoff from restored result,persistence and browser tests,Hide numeric confidence publicly; keep unknown null,Preserve columns and JSON shape in Gate A,PRESERVE-UNCHANGED,No,assets/js/shared.js:302-330|484-613|652-680|docs/supabase-profile-update.sql,UNRESOLVED: deployed database consumers and policies are not fully enumerable locally,PRESERVE-UNCHANGED
saved_reading,assets/js/shared.js:vm_savePlacementResult|syncSessionState,OAuth pending-save completion,Full normalized placement result,User-saved reading restored to Archscry,profile placement_result and legacy columns,assets/js/shared.js:normalizePlacementResult,vm_last_result,profiles row,makeLegacyPlacementResult,None,None,commander dossier,primary render,radar through identity and result,recommendations,deck-link context,adjacent view,Maze handoff,saved result/browser tests,New public states additive; old fields remain,Preserve old readings and original versions,PRESERVE-UNCHANGED,No,assets/js/shared.js:302-330|484-613|assets/js/index.js:3676-3713,UNRESOLVED: historical deployed record variants are not exhaustively fixture-backed,PRESERVE-UNCHANGED
legacy_result_normalization,assets/js/shared.js:normalizePlacementResult|makeLegacyPlacementResult,profile legacy guild and scores columns,Fills a current-shaped result from partial historical data,Backward compatibility for saved/profile readings,normalized in memory then optionally cached; original profile remains,assets/js/shared.js:normalizePlacementResult|normalizeMatch,vm_last_result,profiles row,primary consumer,None,None,dossier restore,result restore,radar may use identity fallback,recommendations from restored faction,deck-link metadata from restored faction,adjacent absent or derived,Maze handoff may receive normalized legacy result,normalization and persistence tests,Missing confidence is unknown; no fabricated 0.66/0.6,Preserve field names and safe fallbacks; do not mutate original historical record,PRESERVE-INTERNAL-HIDE-PUBLICLY,No,assets/js/shared.js:160-300,UNRESOLVED: all historical shapes are not enumerated,PRESERVE-INTERNAL-HIDE-PUBLICLY
oauth_return_state,assets/js/shared.js:vm_saveWithGoogle|vm_checkPendingSave,sessionStorage helpers,Normalized full result stashed before redirect and saved after return,OAuth continuity,sessionStorage vm_pending_result then profiles placement_result,normalizePlacementResult before stash and save,vm_last_result,profiles after return,legacy normalized input possible,None,None,restored dossier,restored render,radar restore,recommendations restore,deck-link after restore,adjacent restore,Maze handoff after restore,OAuth/browser tests,No public numeric certainty on return,Preserve storage keys shape and round-trip,PRESERVE-UNCHANGED,No,assets/js/shared.js:554-622,UNRESOLVED: provider redirect behavior is external but payload is local sessionStorage,PRESERVE-UNCHANGED
recommendation_context,assets/js/commander-dossier.js:buildCommanderDossier,assets/js/index.js precon/tag selectors,Primary/active identity starter profile tags taxonomy and faction records,Commander/precon/exploration recommendations,dossier object and rendered HTML; not a placement_result field,buildCommanderDossier,restored result rebuilds context,restored result rebuilds context,legacy primary faction can rebuild,None,None,dossier commander lanes,recommendation cards,None,primary consumer,None,active adjacent faction changes context,Maze package paths derive from context,recommendation dossier tests,Qualify as exploration not proof,Preserve result inputs and consumer shapes,PRESERVE-UNCHANGED,No,assets/js/commander-dossier.js:2984-3166|assets/js/index.js:2766-2830,UNRESOLVED: optional datasets change completeness without altering result shape,PRESERVE-UNCHANGED
deck_link_context,assets/js/deck-link-service.js:placementMetadataFromResult|buildDeckLinkPayload,assets/js/index.js active result resolution,Primary faction/name/color identity reduced from full result,Metadata attached to saved user deck links,user_deck_links placement_key placement_name color_identity_key,deck-links.js validation,active cached/profile result supplies source,saved profile supplies source,legacy faction can supply source,None,None,dossier account deck-link surface,deck-link UI,None,None,primary consumer,uses active result primary even while view may differ; requires review,No direct Maze consumption,deck-link tests,Do not imply recommendation or accuracy,Preserve metadata fields and result inputs,PRESERVE-UNCHANGED,No,assets/js/deck-link-service.js:79-139|assets/js/index.js:1898-2040|assets/js/deck-links.js:78-86|249-265,UNRESOLVED: active adjacent-view versus primary placement expectation needs explicit consumer review,PRESERVE-UNCHANGED
matrix_radar_input,assets/js/vm-radar.js:resolveRadarProfile,data/identity-layers.json and component constants,Authored preview_scores or authored component averages,Visible Mana Alignment Matrix profile,computed profile only; not placement_result,dossier-radar.js wrapper,None,None,legacy result faction selects fallback,None,None,dossier radar,dossier radar section,vm-radar.js and dossier-radar.js,None,None,active faction/view selects expression,No direct Maze use,radar presentation browser tests,Continue authored visualization with explicit non-confidence note,Preserve authored inputs and renderer contract,PRESERVE-UNCHANGED,No,assets/js/vm-radar.js:2-6|128-160|225-254|assets/js/dossier-radar.js:27-34|155-190,UNRESOLVED: identityLayers loading fallback must be included in later compatibility tests,PRESERVE-UNCHANGED
placement_result_mana_alignment,assets/js/commander-dossier.js:buildManaAlignment,placementResult.mana_scores writer and shared normalizer,Maps WUBRG mana_scores to color/value array with fallback 1,Dossier placement-derived mana alignment payload,dossier.manaAlignment; source also persists as placement_result.mana_scores,buildCommanderDossier,restored cache feeds it,restored profile feeds it,legacy scores feed it,None,None,commander dossier and export,text/export and any dossier serialization,separate from authored Matrix,indirect dossier context,None,active adjacent view reuses same placement mana_scores,Maze handoff carries source result not dossier array,dossier and snapshot tests,Do not call confidence and do not conflate with authored Matrix,Preserve source field and array consumer,PRESERVE-UNCHANGED,No,assets/js/commander-dossier.js:2441-2446|3061-3166|3930-3940|4096,UNRESOLVED: not all downstream dossier serialization consumers are statically enumerated,PRESERVE-UNCHANGED
maze_placement_context,assets/js/archscry-presentation.js:buildArchscryMazeContext|assets/js/index.js:writeArchscryDossierHandoff,assets/js/maze-handoff.js|research/research-init.js,Reading ID fit faction name path query return URL and full placementResult,Archscry-to-Maze continuity and return,localStorage vm_archscry_maze_handoff_v1 plus URL params,research-init.js resolve/update handoff,full cached/profile result can be written,restored saved result can be written,legacy normalized result can be written,None,None,dossier builds context,Archscry and Maze surfaces,None,package links,None,active viewKey/fit participates,research-init.js reads placementResult faction/mana_scores,Maze and browser smoke tests,Do not surface internal confidence as Maze certainty,Preserve handoff key shape result and return fields,PRESERVE-UNCHANGED,No,assets/js/archscry-presentation.js:922-1015|assets/js/index.js:137|1636-1655|2817-2822|research/research-init.js:1918-2158,UNRESOLVED: localStorage handoff is dynamically updated by Maze runtime,PRESERVE-UNCHANGED
return_to_dossier_context,assets/js/archscry-presentation.js:buildArchscryMazeContext|research/research-init.js,assets/js/index.js:captureMazeReturnUrl|restoreInitialView,returnUrl view readingId mazeReturnUrl and stored placementResult,Return from Maze to exact dossier/view/panel,URL parameters and vm_archscry_maze_handoff_v1,index.js requestedDossierViewKey and restoreInitialView,cached result fallback,profile result precedence,legacy normalized result may restore,None,None,primary/active dossier,return banner and result render,radar for active view,recommendations for active view,deck link reads active result,view parameter selects dossier target,Maze writes return parameters,maze search browser and adjacent navigation tests,No numeric certainty added on return,Preserve keys precedence and result normalization,PRESERVE-UNCHANGED,No,assets/js/index.js:1646-1710|3676-3713|research/research-init.js:2020-2041|3110-3130,UNRESOLVED: malformed/stale handoff permutations remain broader than current fixtures,PRESERVE-UNCHANGED
starter_profile,assets/js/adaptive-placement.js:normalizeStarterProfile|buildAdaptivePlacementResult,assets/js/shared.js:normalizeStarterProfile,Format budget and experience defaults,Recommendation/presentation context not confidence,placement_result.starter_profile|vm_last_result|vm_pending_result,assets/js/shared.js normalizeStarterProfile,vm_last_result,placement_result,legacy receives defaults,None,None,commander dossier starter profile,starter recommendation copy,None,recommendation/precon scoring,None,retained across adjacent view,placementResult copied into Maze handoff,quick-reading recommendation tests,Do not treat as identity evidence unless contract says so,Preserve object shape and defaults in Gate A,PRESERVE-UNCHANGED,No,assets/js/adaptive-placement.js:8-30|632-649|assets/js/shared.js:140-155|assets/js/commander-dossier.js:2995-3025,UNRESOLVED: default values may not reflect historical user input,PRESERVE-UNCHANGED
placement_result_aggregate,assets/js/adaptive-placement.js:buildAdaptivePlacementResult|assets/js/shared.js:normalizePlacementResult,interview service result path and legacy builder,Complete placement result object,Common compatibility envelope,session cache pending OAuth profile placement_result Maze handoff and dossier result,assets/js/shared.js:normalizePlacementResult,vm_last_result,profiles.placement_result,makeLegacyPlacementResult,contains rank fields,contains stopping-derived outputs,full dossier builder,all result surfaces,both numeric paths via separate consumers,recommendation builder,deck-link reducer,adjacent view,Maze handoff and return,current_result remote interview handoff plus broad tests,Public renderers prefer additive bounded states when present,Preserve all existing field names/shapes and unknown fields during Gate A,PRESERVE-UNCHANGED,No,assets/js/adaptive-placement.js:594-649|assets/js/shared.js:194-330|392-460|484-613|assets/js/index.js:2730-3230,UNRESOLVED: remote guild-recruiter current_result consumer cannot be inspected without prohibited external access,PRESERVE-UNCHANGED
additive_compatibility_fields,No current writer; future authorized Gate A serializer/normalizer only,Future public renderer,state and display contract examples result_state public_confidence_state alternative_state confidence_display_mode model_kind legacy_result limitations compatibility_version,Bounded public interpretation without destructive replacement,Future additive placement_result fields only,Future backward-compatible normalizer,cache must round-trip unknown/additive fields,profile must round-trip unknown/additive fields,absence must remain safe/unknown,Must not change ranking,Must not change stopping,dossier prefers fields when present,presentation prefers fields when present,Must not alter authored Matrix,may qualify recommendations,Must not alter deck metadata,may qualify alternative label,Maze must preserve full result,required future compatibility tests,Render bounded states and limitations,No effect on current numeric behavior,ADDITIVE-EXTENSION,Yes: additive and versioned only,docs/audits/vm551-placement-system/downstream-compatibility-contract.md|docs/audits/vm551-placement-system/requirements-traceability-matrix.csv,UNRESOLVED: exact names and versioning require later owner-authorized planning,ADDITIVE-EXTENSION
