Record ID	Type	Term	Aliases	Proposed copy	Provenance role	Primary locator	Supporting locators	Limitations	Disposition	Owner decision	Replacement locator	Copy SHA-256
glossary_aristocrats	GLOSSARY_TERM	Aristocrats		Winning through creatures dying, sacrifice loops, and drain or value payoffs.	vox_mana_commander_vocabulary	data/taxonomy/vox-mana-tags.json#aristocrats		A teaching definition only; the term does not prove an identity, placement, power level, or player preference.	PENDING_AUTOMATIC_VALIDATION		data/dossier/discovery-education-authority.source.json#glossary_aristocrats	4584a875562c3c6731c93ebd06ce3abdb5d107d616773c6cc5e1f6f649da4c82
glossary_big_spell_storm	GLOSSARY_TERM	Big Spell Storm	big-spell storm	A spellslinger plan that builds mana and spell count toward a concentrated turn of large spells; it may use the Storm keyword, but does not have to.	deterministic_taxonomy_composition	data/taxonomy/vox-mana-tags.json#big-mana	data/taxonomy/vox-mana-tags.json#spellslinger | data/taxonomy/vox-mana-tags.json#storm	A proposed Vox Mana teaching label, not an official rules term. Owner review must confirm that the composition is useful and does not blur the Storm keyword.	PENDING_AUTOMATIC_VALIDATION		data/dossier/discovery-education-authority.source.json#glossary_big_spell_storm	81609579f08bdeb3a157ea2f19c2be74feed61b1d577c3467078a671065d6147
glossary_blink_flicker	GLOSSARY_TERM	Blink/Flicker	blink | flicker	Exiling permanents and returning them to reuse enter-the-battlefield effects or dodge removal.	vox_mana_commander_vocabulary	data/taxonomy/vox-mana-tags.json#blink		A teaching definition only; the term does not prove an identity, placement, power level, or player preference.	PENDING_AUTOMATIC_VALIDATION		data/dossier/discovery-education-authority.source.json#glossary_blink_flicker	4ef2cbd904a651482257028a9a27ffa655d0d4abf75a543cf774adbd269b607f
glossary_colorless_mana	GLOSSARY_TERM	Colorless mana	true colorless source	Colorless mana is mana with no color. A {C} cost can be paid only with colorless mana.	official_game_rule	docs/research/colorless/source-material/official/colorless-off-001-current-comprehensive-rules.md#rules-106-10-107-4c	https://magic.wizards.com/en/rules	Explains the game term only; it does not establish an identity relationship or placement preference.	PENDING_AUTOMATIC_VALIDATION		data/dossier/discovery-education-authority.source.json#glossary_colorless_mana	390411cc29919109e13f1f18305abf95b49f2e8f349428ebd82cd096be19d0dd
glossary_convoke	GLOSSARY_TERM	Convoke		As you cast a spell with convoke, your creatures can be tapped to help pay its mana cost; each tapped creature pays for one mana of its color or one generic mana.	official_game_rule	https://magic.wizards.com/en/news/feature/guilds-ravnica-mechanics-2018-09-04#convoke	https://magic.wizards.com/en/rules	Explains the game term only; it does not establish an identity relationship or placement preference.	PENDING_AUTOMATIC_VALIDATION		data/dossier/discovery-education-authority.source.json#glossary_convoke	3b687c46e653566bbde6b3cc93f8e3d7f6dc8f72fdc9c53250a044bab4d8405e
glossary_devoid	GLOSSARY_TERM	Devoid		A card with devoid is colorless even if colored mana symbols appear in its mana cost. Devoid does not remove those colors from the card's Commander color identity.	official_game_rule	https://magic.wizards.com/en/news/feature/modern-horizons-3-mechanics#devoid	https://magic.wizards.com/en/rules	Explains the game term only; it does not establish an identity relationship or placement preference.	PENDING_AUTOMATIC_VALIDATION		data/dossier/discovery-education-authority.source.json#glossary_devoid	3e7d1e3dcae938fb0ddbc7f12c2218d37132efe226d5d2d88e7c2bc1a64cd2d9
glossary_etb	GLOSSARY_TERM	ETB	enters the battlefield | enter-the-battlefield	Using effects that trigger when permanents enter the battlefield.	vox_mana_commander_vocabulary	data/taxonomy/vox-mana-tags.json#etb		A teaching definition only; the term does not prove an identity, placement, power level, or player preference.	PENDING_AUTOMATIC_VALIDATION		data/dossier/discovery-education-authority.source.json#glossary_etb	31ad8fb2d0a1bb25966c36388b6a4675f36c72a5d1683e474f9870bbf09c98f9
glossary_generic_mana	GLOSSARY_TERM	Generic mana	generic cost | generic mana cost	A generic mana cost is shown with a number and can be paid with mana of any color or with colorless mana; it is a cost, not a type of mana.	official_game_rule	docs/research/colorless/source-material/official/colorless-off-001-current-comprehensive-rules.md#rules-107-4b-107-4c	https://magic.wizards.com/en/rules	Explains the game term only; it does not establish an identity relationship or placement preference.	PENDING_AUTOMATIC_VALIDATION		data/dossier/discovery-education-authority.source.json#glossary_generic_mana	b0ecb7482987addf912c2d0322f2aef8f575d6d1f3f6bf7fadfbcd0b180a25a9
glossary_goad	GLOSSARY_TERM	Goad	goaded	Until your next turn, a goaded creature attacks each combat if able and attacks a player other than you if able.	official_game_rule	https://magic.wizards.com/en/news/making-magic/its-another-conspiracy-2016-08-15#goad	https://magic.wizards.com/en/rules	Explains the game term only; it does not establish an identity relationship or placement preference.	PENDING_AUTOMATIC_VALIDATION		data/dossier/discovery-education-authority.source.json#glossary_goad	94dba553a65589f416b72e9ca14203893f254fb39b8c91595c2435909af1268c
glossary_mana_rocks	GLOSSARY_TERM	Mana rocks	mana rock	Getting access to more mana than normal for your turn count.	vox_mana_commander_vocabulary	data/taxonomy/vox-mana-tags.json#ramp		A teaching definition only; the term does not prove an identity, placement, power level, or player preference.	PENDING_AUTOMATIC_VALIDATION		data/dossier/discovery-education-authority.source.json#glossary_mana_rocks	bfdfcc9ba8d9407890571ac294f4c8bc07eab4030bc41696b3a06f58a7011593
glossary_populate	GLOSSARY_TERM	Populate		Create a token that's a copy of a creature token you control.	official_game_rule	https://magic.wizards.com/en/news/feature/return-to-ravnica-mechanics#populate	https://magic.wizards.com/en/rules	Explains the game term only; it does not establish an identity relationship or placement preference.	PENDING_AUTOMATIC_VALIDATION		data/dossier/discovery-education-authority.source.json#glossary_populate	b14510706d305187e5b28e3b3743f3153681561c04227a4d2039bf986d9127fe
glossary_protection	GLOSSARY_TERM	Protection		Protection from a quality prevents damage, enchanting or equipping, blocking, and targeting from sources with that quality; it does not stop effects that do none of those things.	official_game_rule	https://magic.wizards.com/en/news/feature/modern-horizons-mechanics-2019-05-31#protection	https://magic.wizards.com/en/rules	Explains the game term only; it does not establish an identity relationship or placement preference.	PENDING_AUTOMATIC_VALIDATION		data/dossier/discovery-education-authority.source.json#glossary_protection	36b18a3d5a1135e4278b558f113cfd8bb9885ff3c2e14efb00f4fe44c19020be
glossary_ramp	GLOSSARY_TERM	Ramp	mana acceleration	Getting access to more mana than normal for your turn count.	vox_mana_commander_vocabulary	data/taxonomy/vox-mana-tags.json#ramp		A teaching definition only; the term does not prove an identity, placement, power level, or player preference.	PENDING_AUTOMATIC_VALIDATION		data/dossier/discovery-education-authority.source.json#glossary_ramp	bfdfcc9ba8d9407890571ac294f4c8bc07eab4030bc41696b3a06f58a7011593
glossary_self_mill	GLOSSARY_TERM	Self-mill	self mill | mill yourself | stock the graveyard	Putting cards from your own library into your graveyard on purpose.	vox_mana_commander_vocabulary	data/taxonomy/vox-mana-tags.json#self-mill		A teaching definition only; the term does not prove an identity, placement, power level, or player preference.	PENDING_AUTOMATIC_VALIDATION		data/dossier/discovery-education-authority.source.json#glossary_self_mill	b9fcdd31859504212451f4b8f54a94eba98d98e495e9ffcc1d16225715fe0498
glossary_spell_copying	GLOSSARY_TERM	Spell copying	copy spells | spell copy	Copying instants, sorceries, or other spells for extra effects.	vox_mana_commander_vocabulary	data/taxonomy/vox-mana-tags.json#spell-copy		A teaching definition only; the term does not prove an identity, placement, power level, or player preference.	PENDING_AUTOMATIC_VALIDATION		data/dossier/discovery-education-authority.source.json#glossary_spell_copying	eaba653064f2073c25229c29bb23f09c8e5a9a9f19c6c0cf173174ef1e19ae84
glossary_spellslinger	GLOSSARY_TERM	Spellslinger		Rewarding the casting of instants and sorceries, often in chains.	vox_mana_commander_vocabulary	data/taxonomy/vox-mana-tags.json#spellslinger		A teaching definition only; the term does not prove an identity, placement, power level, or player preference.	PENDING_AUTOMATIC_VALIDATION		data/dossier/discovery-education-authority.source.json#glossary_spellslinger	cb0053e50c0daf55cbd2f901a7819363265f161e3000d50e4fae5c0b6c9887b9
glossary_storm	GLOSSARY_TERM	Storm		Casting many spells in one turn, sometimes using the Storm keyword.	vox_mana_commander_vocabulary	data/taxonomy/vox-mana-tags.json#storm		A teaching definition only; the term does not prove an identity, placement, power level, or player preference.	PENDING_AUTOMATIC_VALIDATION		data/dossier/discovery-education-authority.source.json#glossary_storm	8edc7c2332bd283c7e0cd1386879374072eaf6445e6d7b529822ae1c7975ef44
glossary_tokens	GLOSSARY_TERM	Tokens	token deck	Creating token permanents, especially creature tokens, as resources or threats.	vox_mana_commander_vocabulary	data/taxonomy/vox-mana-tags.json#tokens		A teaching definition only; the term does not prove an identity, placement, power level, or player preference.	PENDING_AUTOMATIC_VALIDATION		data/dossier/discovery-education-authority.source.json#glossary_tokens	c3bf62936514bd2da63b820b4d28ea10453bc34a1953c007c89629b209ad318b
glossary_voltron	GLOSSARY_TERM	Voltron		Building one creature, often a commander, into a lethal protected threat.	vox_mana_commander_vocabulary	data/taxonomy/vox-mana-tags.json#voltron		A teaching definition only; the term does not prove an identity, placement, power level, or player preference.	PENDING_AUTOMATIC_VALIDATION		data/dossier/discovery-education-authority.source.json#glossary_voltron	9cbd4df9d1635691f95f680529558d99210b027243b1ec72f1fe94b369c6046a
glossary_wastes	GLOSSARY_TERM	Wastes		Wastes is a basic land with no land types that taps for one colorless mana; a Commander deck may include any number of it.	official_game_rule	docs/research/colorless/source-material/official/colorless-off-001-current-comprehensive-rules.md#rules-305-6-305-7	https://magic.wizards.com/en/rules	Explains the game term only; it does not establish an identity relationship or placement preference.	PENDING_AUTOMATIC_VALIDATION		data/dossier/discovery-education-authority.source.json#glossary_wastes	a9d2c8a8be373e9545499dbb894e744514ffaceaa8be9c419051fe7e115f42dc
microcopy_browse_builds	DISCOVERY_LABEL	Decks — Browse builds		Browse exact-commander deck pages from verified providers.	verified_runtime_contract	data/placement/commander-provider-validation.json#providers		The action renders only for destinations verified to describe the exact displayed commander.	PENDING_AUTOMATIC_VALIDATION		data/dossier/discovery-education-authority.source.json#microcopy_browse_builds	969069b918408fa5c6a66bb69e1d965fb7f770e3d605aea953a8f3e9db2f1cb3
microcopy_commanders_that_fit	MAZE_EXPLANATION	Commanders That Fit		Browse Commander-legal cards with exactly this reading's color identity.	verified_runtime_contract	assets/js/archscry-presentation.js#buildMazeRouteQuery		This basic route adds no hidden mechanic, Oracle-text, price, set, rarity, or flavor restriction.	PENDING_AUTOMATIC_VALIDATION		data/dossier/discovery-education-authority.source.json#microcopy_commanders_that_fit	7f6d68dba55c0e571f2cb08b687ecd43c4beb1899884dc93eb71538ca031d5a8
microcopy_flavor_echoes	MAZE_EXPLANATION	Flavor Echoes		Browse cards using the visible flavor term shown by this route.	verified_runtime_contract	assets/js/archscry-presentation.js#ARCHSCRY_MAZE_PATHS		Flavor search is exploratory and does not prove placement or identity ownership.	PENDING_AUTOMATIC_VALIDATION		data/dossier/discovery-education-authority.source.json#microcopy_flavor_echoes	e28f67339f1b480997ddb3d994610e1290bbb2016173cd59b02a70f53bdf7c4a
microcopy_support_cards	MAZE_EXPLANATION	Support Cards		Browse cards within this color identity using only the support theme named by the route.	verified_runtime_contract	assets/js/archscry-presentation.js#ARCHSCRY_MAZE_PATHS		The visible route must name every additional search restriction before navigation.	PENDING_AUTOMATIC_VALIDATION		data/dossier/discovery-education-authority.source.json#microcopy_support_cards	0a155f5ed79dab7cdb9e5204d24dc54ad38f815211472c47b75df55109664b0a
