proposal_id	proposal_type	identity_key	card	disposition	approval_basis	validator_version	validation_failures
packet1_rationale_abzan_2b3f791a_d672_46fb_a03a_96e19f2c3121	CARD_RATIONALE	ABZAN	Felothar the Steadfast	APPROVED_PUBLIC	EVIDENCE_VALIDATED_AUTOMATIC	vm551-evidence-validator-v1	none
packet1_rationale_b_cbe3a4e7_5dbe_4f58_8ee6_a1762b65acfd	CARD_RATIONALE	B	K'rrik, Son of Yawgmoth	APPROVED_PUBLIC	EVIDENCE_VALIDATED_AUTOMATIC	vm551-evidence-validator-v1	none
packet1_rationale_colorless_50676eba_a55a_4749_bb07_74a30e015781	CARD_RATIONALE	COLORLESS	Omarthis, Ghostfire Initiate	APPROVED_PUBLIC	EVIDENCE_VALIDATED_AUTOMATIC	vm551-evidence-validator-v1	none
packet1_rationale_colorless_ec726c54_987b_48ed_8ffa_ec73a5e35333	CARD_RATIONALE	COLORLESS	Zhulodok, Void Gorger	APPROVED_PUBLIC	EVIDENCE_VALIDATED_AUTOMATIC	vm551-evidence-validator-v1	none
packet1_rationale_dune_e54d207c_51b8_458e_86a1_2633ac064c8e	CARD_RATIONALE	DUNE	Saskia the Unyielding	APPROVED_PUBLIC	EVIDENCE_VALIDATED_AUTOMATIC	vm551-evidence-validator-v1	none
packet1_rationale_esper_3268251a_8292_44f9_9267_c961b182f739	CARD_RATIONALE	ESPER	Y'shtola, Night's Blessed	APPROVED_PUBLIC	EVIDENCE_VALIDATED_AUTOMATIC	vm551-evidence-validator-v1	none
packet1_rationale_g_6c2c8bf3_9bf8_4a86_89d3_3bb36260dc51	CARD_RATIONALE	G	Azusa, Lost but Seeking	APPROVED_PUBLIC	EVIDENCE_VALIDATED_AUTOMATIC	vm551-evidence-validator-v1	none
packet1_rationale_glint_9efe8aff_9a7d_4397_b5fd_c1a0fad7c15f	CARD_RATIONALE	GLINT	Yidris, Maelstrom Wielder	APPROVED_PUBLIC	EVIDENCE_VALIDATED_AUTOMATIC	vm551-evidence-validator-v1	none
packet1_rationale_grixis_f5092c14_eec4_472c_999c_ba96c36b2fbb	CARD_RATIONALE	GRIXIS	Kess, Dissident Mage	APPROVED_PUBLIC	EVIDENCE_VALIDATED_AUTOMATIC	vm551-evidence-validator-v1	none
packet1_rationale_ink_53ee4254_fef7_49ec_aafc_0320987764e6	CARD_RATIONALE	INK	Kynaios and Tiro of Meletis	APPROVED_PUBLIC	EVIDENCE_VALIDATED_AUTOMATIC	vm551-evidence-validator-v1	none
packet1_rationale_jeskai_40ed32a6_ad56_48c7_aecf_b4238c34c212	CARD_RATIONALE	JESKAI	Shiko and Narset, Unified	APPROVED_PUBLIC	EVIDENCE_VALIDATED_AUTOMATIC	vm551-evidence-validator-v1	none
packet1_rationale_jund_868882d2_ed4e_4171_a17c_478a341080fb	CARD_RATIONALE	JUND	Prossh, Skyraider of Kher	APPROVED_PUBLIC	EVIDENCE_VALIDATED_AUTOMATIC	vm551-evidence-validator-v1	none
packet1_rationale_mardu_0f93d88c_9d2e_416d_a10b_99483360b1fb	CARD_RATIONALE	MARDU	Zurgo Stormrender	APPROVED_PUBLIC	EVIDENCE_VALIDATED_AUTOMATIC	vm551-evidence-validator-v1	none
packet1_rationale_naya_e7604cd9_d00d_4957_82c9_46a7cdb88209	CARD_RATIONALE	NAYA	Shalai and Hallar	APPROVED_PUBLIC	EVIDENCE_VALIDATED_AUTOMATIC	vm551-evidence-validator-v1	none
packet1_rationale_prismari_348c67ef_9ccc_4651_9038_efdf1ad1b36a	CARD_RATIONALE	PRISMARI	Rootha, Mastering the Moment	APPROVED_PUBLIC	EVIDENCE_VALIDATED_AUTOMATIC	vm551-evidence-validator-v1	none
packet1_rationale_quandrix_977f9390_e01d_4e9d_8e9c_e543b1266972	CARD_RATIONALE	QUANDRIX	Zimone, Infinite Analyst	APPROVED_PUBLIC	EVIDENCE_VALIDATED_AUTOMATIC	vm551-evidence-validator-v1	none
packet1_rationale_r_8c3495bf_02e7_4ad9_949d_92eb3d2b662a	CARD_RATIONALE	R	Torbran, Thane of Red Fell	APPROVED_PUBLIC	EVIDENCE_VALIDATED_AUTOMATIC	vm551-evidence-validator-v1	none
packet1_rationale_silverquill_d11e627b_8a48_411d_a261_2c9a02a758ba	CARD_RATIONALE	SILVERQUILL	Breena, the Demagogue	APPROVED_PUBLIC	EVIDENCE_VALIDATED_AUTOMATIC	vm551-evidence-validator-v1	none
packet1_rationale_sultai_0177b410_b559_491f_b393_ac3ed774653c	CARD_RATIONALE	SULTAI	Kotis, Sibsig Champion	APPROVED_PUBLIC	EVIDENCE_VALIDATED_AUTOMATIC	vm551-evidence-validator-v1	none
packet1_rationale_temur_1b162dd3_3be6_406d_bf86_f7cc9eff098d	CARD_RATIONALE	TEMUR	Eshki, Temur's Roar	APPROVED_PUBLIC	EVIDENCE_VALIDATED_AUTOMATIC	vm551-evidence-validator-v1	none
packet1_rationale_u_ea1eb902_a23c_44ff_9169_19baf71de238	CARD_RATIONALE	U	Talrand, Sky Summoner	APPROVED_PUBLIC	EVIDENCE_VALIDATED_AUTOMATIC	vm551-evidence-validator-v1	none
packet1_rationale_w_48e6d3d8_2f27_4017_acdd_40bce8cdbc02	CARD_RATIONALE	W	Giada, Font of Hope	APPROVED_PUBLIC	EVIDENCE_VALIDATED_AUTOMATIC	vm551-evidence-validator-v1	none
packet1_rationale_witch_7e6b9b59_cd68_4e3c_827b_38833c92d6eb	CARD_RATIONALE	WITCH	Atraxa, Praetors' Voice	APPROVED_PUBLIC	EVIDENCE_VALIDATED_AUTOMATIC	vm551-evidence-validator-v1	none
packet1_rationale_witherbloom_f61c1dc4_2f09_4b50_957f_ee656c659072	CARD_RATIONALE	WITHERBLOOM	Dina, Essence Brewer	APPROVED_PUBLIC	EVIDENCE_VALIDATED_AUTOMATIC	vm551-evidence-validator-v1	none
packet1_rationale_wubrg_9f6828e3_39d9_45d9_9bf1_0e3737a0321e	CARD_RATIONALE	WUBRG	Ulalek, Fused Atrocity	APPROVED_PUBLIC	EVIDENCE_VALIDATED_AUTOMATIC	vm551-evidence-validator-v1	none
packet1_rationale_yore_d460a9e2_5a7d_4562_880e_45174be19a9d	CARD_RATIONALE	YORE	Breya, Etherium Shaper	APPROVED_PUBLIC	EVIDENCE_VALIDATED_AUTOMATIC	vm551-evidence-validator-v1	none
packet1_voice_abzan_46535f8e_1bcd_4588_ac6c_a4bc89c379c8_1	CARD_VOICE	ABZAN	Abzan Banner	APPROVED_PUBLIC	EVIDENCE_VALIDATED_AUTOMATIC	vm551-evidence-validator-v1	none
packet1_voice_b_78725353_9274_420a_b722_add0f43c444e_replacement	CARD_VOICE	B	Ancient Craving	APPROVED_PUBLIC	EVIDENCE_VALIDATED_AUTOMATIC	vm551-evidence-validator-v1	none
packet1_voice_bant_67ceffa4_2fdb_499c_88cd_49fb5eb9be59_2	CARD_VOICE	BANT	Bant Sojourners	APPROVED_PUBLIC	EVIDENCE_VALIDATED_AUTOMATIC	vm551-evidence-validator-v1	none
packet1_voice_bg_fc17d8dd_887f_405e_a195_777aa3da36f5_1	CARD_VOICE	BG	Bloodbond March	APPROVED_PUBLIC	EVIDENCE_VALIDATED_AUTOMATIC	vm551-evidence-validator-v1	none
packet1_voice_br_3f806353_592e_431c_a7dd_a4c64034f94d_1	CARD_VOICE	BR	Avatar of Discord	APPROVED_PUBLIC	EVIDENCE_VALIDATED_AUTOMATIC	vm551-evidence-validator-v1	none
packet1_voice_colorless_14693689_d087_43b6_9c3f_63ab0648fc20_1	CARD_VOICE	COLORLESS	All Is Dust	APPROVED_PUBLIC	EVIDENCE_VALIDATED_AUTOMATIC	vm551-evidence-validator-v1	none
packet1_voice_dune_0f5a3a09_2f07_4774_9e0f_e99d9a444166_1	CARD_VOICE	DUNE	Aurelia, the Warleader	APPROVED_PUBLIC	EVIDENCE_VALIDATED_AUTOMATIC	vm551-evidence-validator-v1	none
packet1_voice_esper_fef94125_aa8d_4147_a609_1e990961bde2_3	CARD_VOICE	ESPER	Brainbite	APPROVED_PUBLIC	EVIDENCE_VALIDATED_AUTOMATIC	vm551-evidence-validator-v1	none
packet1_voice_g_b0b6be0c_41cf_4757_9f0e_87227b6ba6b3_3	CARD_VOICE	G	Ghalta, Primal Hunger	APPROVED_PUBLIC	EVIDENCE_VALIDATED_AUTOMATIC	vm551-evidence-validator-v1	none
packet1_voice_glint_3a92b235_196b_4f46_9d20_06f4d3653d36_replacement	CARD_VOICE	GLINT	Aberrant Return	APPROVED_PUBLIC	EVIDENCE_VALIDATED_AUTOMATIC	vm551-evidence-validator-v1	none
packet1_voice_grixis_fef94125_aa8d_4147_a609_1e990961bde2_3	CARD_VOICE	GRIXIS	Brainbite	APPROVED_PUBLIC	EVIDENCE_VALIDATED_AUTOMATIC	vm551-evidence-validator-v1	none
packet1_voice_ink_0895c9b7_ae7d_4bb3_af17_3b75deb50a25_replacement	CARD_VOICE	INK	Command Tower	APPROVED_PUBLIC	EVIDENCE_VALIDATED_AUTOMATIC	vm551-evidence-validator-v1	none
packet1_voice_jeskai_341cf654_faf7_4db9_bd9a_70783f1ccff0_2	CARD_VOICE	JESKAI	Bloodfire Expert	APPROVED_PUBLIC	EVIDENCE_VALIDATED_AUTOMATIC	vm551-evidence-validator-v1	none
packet1_voice_jund_9b984236_39cf_4552_827b_e81c26cfb388_1	CARD_VOICE	JUND	Broodmate Tyrant	APPROVED_PUBLIC	EVIDENCE_VALIDATED_AUTOMATIC	vm551-evidence-validator-v1	none
packet1_voice_lorehold_d34a3b58_a905_4e90_b35c_9f5c21149b04_1	CARD_VOICE	LOREHOLD	Campus Renovation	APPROVED_PUBLIC	EVIDENCE_VALIDATED_AUTOMATIC	vm551-evidence-validator-v1	none
packet1_voice_mardu_cad09970_14c8_4d80_82fe_6c855efb0191_3	CARD_VOICE	MARDU	Bloodsoaked Champion	APPROVED_PUBLIC	EVIDENCE_VALIDATED_AUTOMATIC	vm551-evidence-validator-v1	none
packet1_voice_naya_956250da_532a_4457_8696_73915be56943_2	CARD_VOICE	NAYA	Cradle of Vitality	APPROVED_PUBLIC	EVIDENCE_VALIDATED_AUTOMATIC	vm551-evidence-validator-v1	none
packet1_voice_prismari_47ee6837_2e2f_4344_ab9f_6b8887874f77_1	CARD_VOICE	PRISMARI	Colorstorm Stallion	APPROVED_PUBLIC	EVIDENCE_VALIDATED_AUTOMATIC	vm551-evidence-validator-v1	none
packet1_voice_quandrix_ce1a6c1f_6b4e_4d19_b256_48d073b359b7_3	CARD_VOICE	QUANDRIX	Additive Evolution	APPROVED_PUBLIC	EVIDENCE_VALIDATED_AUTOMATIC	vm551-evidence-validator-v1	none
packet1_voice_r_c363f338_0777_45e6_b13c_f15ba026b63a_replacement	CARD_VOICE	R	Built to Smash	APPROVED_PUBLIC	EVIDENCE_VALIDATED_AUTOMATIC	vm551-evidence-validator-v1	none
packet1_voice_rg_327d9679_0049_4401_8dab_e0fb362306bd_2	CARD_VOICE	RG	Burning-Tree Emissary	APPROVED_PUBLIC	EVIDENCE_VALIDATED_AUTOMATIC	vm551-evidence-validator-v1	none
packet1_voice_silverquill_f88eeb04_4b8e_4c76_a8c6_90887b94d518_1	CARD_VOICE	SILVERQUILL	Beaming Defiance	APPROVED_PUBLIC	EVIDENCE_VALIDATED_AUTOMATIC	vm551-evidence-validator-v1	none
packet1_voice_sultai_c469133e_174d_476b_b135_bbf15e415e72_2	CARD_VOICE	SULTAI	Aggressive Negotiations	APPROVED_PUBLIC	EVIDENCE_VALIDATED_AUTOMATIC	vm551-evidence-validator-v1	none
packet1_voice_temur_ccad8b03_5ff1_4895_94e0_0c96883cb875_1	CARD_VOICE	TEMUR	Avalanche Tusker	APPROVED_PUBLIC	EVIDENCE_VALIDATED_AUTOMATIC	vm551-evidence-validator-v1	none
packet1_voice_u_0f8b97fe_3e5e_47c2_9a9d_7f77482aa159_2	CARD_VOICE	U	Azami, Lady of Scrolls	APPROVED_PUBLIC	EVIDENCE_VALIDATED_AUTOMATIC	vm551-evidence-validator-v1	none
packet1_voice_ub_c9edddb4_0d60_4d21_8887_51d943c6a31f_2	CARD_VOICE	UB	Consult the Necrosages	APPROVED_PUBLIC	EVIDENCE_VALIDATED_AUTOMATIC	vm551-evidence-validator-v1	none
packet1_voice_ug_69fd4ddf_9ed8_4c56_bef3_9944daf05e4f_3	CARD_VOICE	UG	Coiling Oracle	APPROVED_PUBLIC	EVIDENCE_VALIDATED_AUTOMATIC	vm551-evidence-validator-v1	none
packet1_voice_ur_fa09e18c_e7cf_4f08_9cc4_324e36594063_1	CARD_VOICE	UR	Beamsplitter Mage	APPROVED_PUBLIC	EVIDENCE_VALIDATED_AUTOMATIC	vm551-evidence-validator-v1	none
packet1_voice_w_ae61b2ef_2e60_499a_8708_e37b9bd5620e_replacement	CARD_VOICE	W	Aligned Heart	APPROVED_PUBLIC	EVIDENCE_VALIDATED_AUTOMATIC	vm551-evidence-validator-v1	none
packet1_voice_wb_05501e88_d4c3_4474_92a9_c02ab15b107b_1	CARD_VOICE	WB	Afterlife Insurance	APPROVED_PUBLIC	EVIDENCE_VALIDATED_AUTOMATIC	vm551-evidence-validator-v1	none
packet1_voice_wg_9aab386c_d48c_4611_b757_aa69b26cc1b1_1	CARD_VOICE	WG	Camaraderie	APPROVED_PUBLIC	EVIDENCE_VALIDATED_AUTOMATIC	vm551-evidence-validator-v1	none
packet1_voice_witch_af42079b_a3c0_448c_9bb2_b915252e87a9_replacement	CARD_VOICE	WITCH	Animation Module	APPROVED_PUBLIC	EVIDENCE_VALIDATED_AUTOMATIC	vm551-evidence-validator-v1	none
packet1_voice_witherbloom_53e86135_3b24_4618_bcc0_af4d81e672dd_replacement	CARD_VOICE	WITHERBLOOM	Death Begets Life	APPROVED_PUBLIC	EVIDENCE_VALIDATED_AUTOMATIC	vm551-evidence-validator-v1	none
packet1_voice_wr_30b20932_0d9a_447f_b934_1daa8c44a678_2	CARD_VOICE	WR	Boros Strike-Captain	APPROVED_PUBLIC	EVIDENCE_VALIDATED_AUTOMATIC	vm551-evidence-validator-v1	none
packet1_voice_wu_27e04c41_f42c_4d60_8a71_ec2d7c326f64_2	CARD_VOICE	WU	Azorius Cluestone	APPROVED_PUBLIC	EVIDENCE_VALIDATED_AUTOMATIC	vm551-evidence-validator-v1	none
packet1_voice_wubrg_e9e25800_9ee7_40c9_b22d_611c7281c125_1	CARD_VOICE	WUBRG	Coalition Victory	APPROVED_PUBLIC	EVIDENCE_VALIDATED_AUTOMATIC	vm551-evidence-validator-v1	none
packet1_voice_yore_ed10bb4c_f7ef_4046_8dde_465041b55078_replacement	CARD_VOICE	YORE	Artificer's Epiphany	APPROVED_PUBLIC	EVIDENCE_VALIDATED_AUTOMATIC	vm551-evidence-validator-v1	none
